Unnamed: 0,0
0,1824-05-31
1,1824-07-04
2,1824-07-05
3,1824-09-06
4,1824-10-11
5,1824-11-11
6,1824-11-25
7,1824-12-24
8,1824-12-25
9,1824-12-31
10,1825-01-01
11,1825-02-21
12,1825-05-30
13,1825-07-04
14,1825-09-05
15,1825-10-10
16,1825-11-11
17,1825-11-24
18,1825-12-25
19,1825-12-26
20,1826-01-01
21,1826-01-02
22,1826-02-20
23,1826-05-29
24,1826-07-04
25,1826-09-04
26,1826-10-09
27,1826-11-10
28,1826-11-11
29,1826-11-23
30,1826-12-25
31,1827-01-01
32,1827-02-19
33,1827-05-28
34,1827-07-04
35,1827-09-03
36,1827-10-08
37,1827-11-11
38,1827-11-12
39,1827-11-22
40,1827-12-25
41,1828-01-01
42,1828-02-18
43,1828-05-26
44,1828-07-04
45,1828-09-01
46,1828-10-13
47,1828-11-11
48,1828-11-27
49,1828-12-25
50,1829-01-01
51,1829-02-16
52,1829-05-25
53,1829-07-03
54,1829-07-04
55,1829-09-07
56,1829-10-12
57,1829-11-11
58,1829-11-26
59,1829-12-25
60,1830-01-01
61,1830-02-15
62,1830-05-31
63,1830-07-04
64,1830-07-05
65,1830-09-06
66,1830-10-11
67,1830-11-11
68,1830-11-25
69,1830-12-24
70,1830-12-25
71,1830-12-31
72,1831-01-01
73,1831-02-21
74,1831-05-30
75,1831-07-04
76,1831-09-05
77,1831-10-10
78,1831-11-11
79,1831-11-24
80,1831-12-25
81,1831-12-26
82,1832-01-01
83,1832-01-02
84,1832-02-20
85,1832-05-28
86,1832-07-04
87,1832-09-03
88,1832-10-08
89,1832-11-11
90,1832-11-12
91,1832-11-22
92,1832-12-25
93,1833-01-01
94,1833-02-18
95,1833-05-27
96,1833-07-04
97,1833-09-02
98,1833-10-14
99,1833-11-11
100,1833-11-28
101,1833-12-25
102,1834-01-01
103,1834-02-17
104,1834-05-26
105,1834-07-04
106,1834-09-01
107,1834-10-13
108,1834-11-11
109,1834-11-27
110,1834-12-25
111,1835-01-01
112,1835-02-16
113,1835-05-25
114,1835-07-03
115,1835-07-04
116,1835-09-07
117,1835-10-12
118,1835-11-11
119,1835-11-26
120,1835-12-25
121,1836-01-01
122,1836-02-15
123,1836-05-30
124,1836-07-04
125,1836-09-05
126,1836-10-10
127,1836-11-11
128,1836-11-24
129,1836-12-25
130,1836-12-26
131,1837-01-01
132,1837-01-02
133,1837-02-20
134,1837-05-29
135,1837-07-04
136,1837-09-04
137,1837-10-09
138,1837-11-10
139,1837-11-11
140,1837-11-23
141,1837-12-25
142,1838-01-01
143,1838-02-19
144,1838-05-28
145,1838-07-04
146,1838-09-03
147,1838-10-08
148,1838-11-11
149,1838-11-12
150,1838-11-22
151,1838-12-25
152,1839-01-01
153,1839-02-18
154,1839-05-27
155,1839-07-04
156,1839-09-02
157,1839-10-14
158,1839-11-11
159,1839-11-28
160,1839-12-25
161,1840-01-01
162,1840-02-17
163,1840-05-25
164,1840-07-03
165,1840-07-04
166,1840-09-07
167,1840-10-12
168,1840-11-11
169,1840-11-26
170,1840-12-25
171,1841-01-01
172,1841-02-15
173,1841-05-31
174,1841-07-04
175,1841-07-05
176,1841-09-06
177,1841-10-11
178,1841-11-11
179,1841-11-25
180,1841-12-24
181,1841-12-25
182,1841-12-31
183,1842-01-01
184,1842-02-21
185,1842-05-30
186,1842-07-04
187,1842-09-05
188,1842-10-10
189,1842-11-11
190,1842-11-24
191,1842-12-25
192,1842-12-26
193,1843-01-01
194,1843-01-02
195,1843-02-20
196,1843-05-29
197,1843-07-04
198,1843-09-04
199,1843-10-09
200,1843-11-10
201,1843-11-11
202,1843-11-23
203,1843-12-25
204,1844-01-01
205,1844-02-19
206,1844-05-27
207,1844-07-04
208,1844-09-02
209,1844-10-14
210,1844-11-11
211,1844-11-28
212,1844-12-25
213,1845-01-01
214,1845-02-17
215,1845-05-26
216,1845-07-04
217,1845-09-01
218,1845-10-13
219,1845-11-11
220,1845-11-27
221,1845-12-25
222,1846-01-01
223,1846-02-16
224,1846-05-25
225,1846-07-03
226,1846-07-04
227,1846-09-07
228,1846-10-12
229,1846-11-11
230,1846-11-26
231,1846-12-25
232,1847-01-01
233,1847-02-15
234,1847-05-31
235,1847-07-04
236,1847-07-05
237,1847-09-06
238,1847-10-11
239,1847-11-11
240,1847-11-25
241,1847-12-24
242,1847-12-25
243,1847-12-31
244,1848-01-01
245,1848-02-21
246,1848-05-29
247,1848-07-04
248,1848-09-04
249,1848-10-09
250,1848-11-10
251,1848-11-11
252,1848-11-23
253,1848-12-25
254,1849-01-01
255,1849-02-19
256,1849-05-28
257,1849-07-04
258,1849-09-03
259,1849-10-08
260,1849-11-11
261,1849-11-12
262,1849-11-22
263,1849-12-25
264,1850-01-01
265,1850-02-18
266,1850-05-27
267,1850-07-04
268,1850-09-02
269,1850-10-14
270,1850-11-11
271,1850-11-28
272,1850-12-25
273,1851-01-01
274,1851-02-17
275,1851-05-26
276,1851-07-04
277,1851-09-01
278,1851-10-13
279,1851-11-11
280,1851-11-27
281,1851-12-25
282,1852-01-01
283,1852-02-16
284,1852-05-31
285,1852-07-04
286,1852-07-05
287,1852-09-06
288,1852-10-11
289,1852-11-11
290,1852-11-25
291,1852-12-24
292,1852-12-25
293,1852-12-31
294,1853-01-01
295,1853-02-21
296,1853-05-30
297,1853-07-04
298,1853-09-05
299,1853-10-10
300,1853-11-11
301,1853-11-24
302,1853-12-25
303,1853-12-26
304,1854-01-01
305,1854-01-02
306,1854-02-20
307,1854-05-29
308,1854-07-04
309,1854-09-04
310,1854-10-09
311,1854-11-10
312,1854-11-11
313,1854-11-23
314,1854-12-25
315,1855-01-01
316,1855-02-19
317,1855-05-28
318,1855-07-04
319,1855-09-03
320,1855-10-08
321,1855-11-11
322,1855-11-12
323,1855-11-22
324,1855-12-25
325,1856-01-01
326,1856-02-18
327,1856-05-26
328,1856-07-04
329,1856-09-01
330,1856-10-13
331,1856-11-11
332,1856-11-27
333,1856-12-25
334,1857-01-01
335,1857-02-16
336,1857-05-25
337,1857-07-03
338,1857-07-04
339,1857-09-07
340,1857-10-12
341,1857-11-11
342,1857-11-26
343,1857-12-25
344,1858-01-01
345,1858-02-15
346,1858-05-31
347,1858-07-04
348,1858-07-05
349,1858-09-06
350,1858-10-11
351,1858-11-11
352,1858-11-25
353,1858-12-24
354,1858-12-25
355,1858-12-31
356,1859-01-01
357,1859-02-21
358,1859-05-30
359,1859-07-04
360,1859-09-05
361,1859-10-10
362,1859-11-11
363,1859-11-24
364,1859-12-25
365,1859-12-26
366,1860-01-01
367,1860-01-02
368,1860-02-20
369,1860-05-28
370,1860-07-04
371,1860-09-03
372,1860-10-08
373,1860-11-11
374,1860-11-12
375,1860-11-22
376,1860-12-25
377,1861-01-01
378,1861-02-18
379,1861-05-27
380,1861-07-04
381,1861-09-02
382,1861-10-14
383,1861-11-11
384,1861-11-28
385,1861-12-25
386,1862-01-01
387,1862-02-17
388,1862-05-26
389,1862-07-04
390,1862-09-01
391,1862-10-13
392,1862-11-11
393,1862-11-27
394,1862-12-25
395,1863-01-01
396,1863-02-16
397,1863-05-25
398,1863-07-03
399,1863-07-04
400,1863-09-07
401,1863-10-12
402,1863-11-11
403,1863-11-26
404,1863-12-25
405,1864-01-01
406,1864-02-15
407,1864-05-30
408,1864-07-04
409,1864-09-05
410,1864-10-10
411,1864-11-11
412,1864-11-24
413,1864-12-25
414,1864-12-26
415,1865-01-01
416,1865-01-02
417,1865-02-20
418,1865-05-29
419,1865-07-04
420,1865-09-04
421,1865-10-09
422,1865-11-10
423,1865-11-11
424,1865-11-23
425,1865-12-25
426,1866-01-01
427,1866-02-19
428,1866-05-28
429,1866-07-04
430,1866-09-03
431,1866-10-08
432,1866-11-11
433,1866-11-12
434,1866-11-22
435,1866-12-25
436,1867-01-01
437,1867-02-18
438,1867-05-27
439,1867-07-04
440,1867-09-02
441,1867-10-14
442,1867-11-11
443,1867-11-28
444,1867-12-25
445,1868-01-01
446,1868-02-17
447,1868-05-25
448,1868-07-03
449,1868-07-04
450,1868-09-07
451,1868-10-12
452,1868-11-11
453,1868-11-26
454,1868-12-25
455,1869-01-01
456,1869-02-15
457,1869-05-31
458,1869-07-04
459,1869-07-05
460,1869-09-06
461,1869-10-11
462,1869-11-11
463,1869-11-25
464,1869-12-24
465,1869-12-25
466,1869-12-31
467,1870-01-01
468,1870-02-21
469,1870-05-30
470,1870-07-04
471,1870-09-05
472,1870-10-10
473,1870-11-11
474,1870-11-24
475,1870-12-25
476,1870-12-26
477,1871-01-01
478,1871-01-02
479,1871-02-20
480,1871-05-29
481,1871-07-04
482,1871-09-04
483,1871-10-09
484,1871-11-10
485,1871-11-11
486,1871-11-23
487,1871-12-25
488,1872-01-01
489,1872-02-19
490,1872-05-27
491,1872-07-04
492,1872-09-02
493,1872-10-14
494,1872-11-11
495,1872-11-28
496,1872-12-25
497,1873-01-01
498,1873-02-17
499,1873-05-26
500,1873-07-04
501,1873-09-01
502,1873-10-13
503,1873-11-11
504,1873-11-27
505,1873-12-25
506,1874-01-01
507,1874-02-16
508,1874-05-25
509,1874-07-03
510,1874-07-04
511,1874-09-07
512,1874-10-12
513,1874-11-11
514,1874-11-26
515,1874-12-25
516,1875-01-01
517,1875-02-15
518,1875-05-31
519,1875-07-04
520,1875-07-05
521,1875-09-06
522,1875-10-11
523,1875-11-11
524,1875-11-25
525,1875-12-24
526,1875-12-25
527,1875-12-31
528,1876-01-01
529,1876-02-21
530,1876-05-29
531,1876-07-04
532,1876-09-04
533,1876-10-09
534,1876-11-10
535,1876-11-11
536,1876-11-23
537,1876-12-25
538,1877-01-01
539,1877-02-19
540,1877-05-28
541,1877-07-04
542,1877-09-03
543,1877-10-08
544,1877-11-11
545,1877-11-12
546,1877-11-22
547,1877-12-25
548,1878-01-01
549,1878-02-18
550,1878-05-27
551,1878-07-04
552,1878-09-02
553,1878-10-14
554,1878-11-11
555,1878-11-28
556,1878-12-25
557,1879-01-01
558,1879-02-17
559,1879-05-26
560,1879-07-04
561,1879-09-01
562,1879-10-13
563,1879-11-11
564,1879-11-27
565,1879-12-25
566,1880-01-01
567,1880-02-16
568,1880-05-31
569,1880-07-04
570,1880-07-05
571,1880-09-06
572,1880-10-11
573,1880-11-11
574,1880-11-25
575,1880-12-24
576,1880-12-25
577,1880-12-31
578,1881-01-01
579,1881-02-21
580,1881-05-30
581,1881-07-04
582,1881-09-05
583,1881-10-10
584,1881-11-11
585,1881-11-24
586,1881-12-25
587,1881-12-26
588,1882-01-01
589,1882-01-02
590,1882-02-20
591,1882-05-29
592,1882-07-04
593,1882-09-04
594,1882-10-09
595,1882-11-10
596,1882-11-11
597,1882-11-23
598,1882-12-25
599,1883-01-01
600,1883-02-19
601,1883-05-28
602,1883-07-04
603,1883-09-03
604,1883-10-08
605,1883-11-11
606,1883-11-12
607,1883-11-22
608,1883-12-25
609,1884-01-01
610,1884-02-18
611,1884-05-26
612,1884-07-04
613,1884-09-01
614,1884-10-13
615,1884-11-11
616,1884-11-27
617,1884-12-25
618,1885-01-01
619,1885-02-16
620,1885-05-25
621,1885-07-03
622,1885-07-04
623,1885-09-07
624,1885-10-12
625,1885-11-11
626,1885-11-26
627,1885-12-25
628,1886-01-01
629,1886-02-15
630,1886-05-31
631,1886-07-04
632,1886-07-05
633,1886-09-06
634,1886-10-11
635,1886-11-11
636,1886-11-25
637,1886-12-24
638,1886-12-25
639,1886-12-31
640,1887-01-01
641,1887-02-21
642,1887-05-30
643,1887-07-04
644,1887-09-05
645,1887-10-10
646,1887-11-11
647,1887-11-24
648,1887-12-25
649,1887-12-26
650,1888-01-01
651,1888-01-02
652,1888-02-20
653,1888-05-28
654,1888-07-04
655,1888-09-03
656,1888-10-08
657,1888-11-11
658,1888-11-12
659,1888-11-22
660,1888-12-25
661,1889-01-01
662,1889-02-18
663,1889-05-27
664,1889-07-04
665,1889-09-02
666,1889-10-14
667,1889-11-11
668,1889-11-28
669,1889-12-25
670,1890-01-01
671,1890-02-17
672,1890-05-26
673,1890-07-04
674,1890-09-01
675,1890-10-13
676,1890-11-11
677,1890-11-27
678,1890-12-25
679,1891-01-01
680,1891-02-16
681,1891-05-25
682,1891-07-03
683,1891-07-04
684,1891-09-07
685,1891-10-12
686,1891-11-11
687,1891-11-26
688,1891-12-25
689,1892-01-01
690,1892-02-15
691,1892-05-30
692,1892-07-04
693,1892-09-05
694,1892-10-10
695,1892-11-11
696,1892-11-24
697,1892-12-25
698,1892-12-26
699,1893-01-01
700,1893-01-02
701,1893-02-20
702,1893-05-29
703,1893-07-04
704,1893-09-04
705,1893-10-09
706,1893-11-10
707,1893-11-11
708,1893-11-23
709,1893-12-25
710,1894-01-01
711,1894-02-19
712,1894-05-28
713,1894-07-04
714,1894-09-03
715,1894-10-08
716,1894-11-11
717,1894-11-12
718,1894-11-22
719,1894-12-25
720,1895-01-01
721,1895-02-18
722,1895-05-27
723,1895-07-04
724,1895-09-02
725,1895-10-14
726,1895-11-11
727,1895-11-28
728,1895-12-25
729,1896-01-01
730,1896-02-17
731,1896-05-25
732,1896-07-03
733,1896-07-04
734,1896-09-07
735,1896-10-12
736,1896-11-11
737,1896-11-26
738,1896-12-25
739,1897-01-01
740,1897-02-15
741,1897-05-31
742,1897-07-04
743,1897-07-05
744,1897-09-06
745,1897-10-11
746,1897-11-11
747,1897-11-25
748,1897-12-24
749,1897-12-25
750,1897-12-31
751,1898-01-01
752,1898-02-21
753,1898-05-30
754,1898-07-04
755,1898-09-05
756,1898-10-10
757,1898-11-11
758,1898-11-24
759,1898-12-25
760,1898-12-26
761,1899-01-01
762,1899-01-02
763,1899-02-20
764,1899-05-29
765,1899-07-04
766,1899-09-04
767,1899-10-09
768,1899-11-10
769,1899-11-11
770,1899-11-23
771,1899-12-25
772,1900-01-01
773,1900-02-19
774,1900-05-28
775,1900-07-04
776,1900-09-03
777,1900-10-08
778,1900-11-11
779,1900-11-12
780,1900-11-22
781,1900-12-25
782,1901-01-01
783,1901-02-18
784,1901-05-27
785,1901-07-04
786,1901-09-02
787,1901-10-14
788,1901-11-11
789,1901-11-28
790,1901-12-25
791,1902-01-01
792,1902-02-17
793,1902-05-26
794,1902-07-04
795,1902-09-01
796,1902-10-13
797,1902-11-11
798,1902-11-27
799,1902-12-25
800,1903-01-01
801,1903-02-16
802,1903-05-25
803,1903-07-03
804,1903-07-04
805,1903-09-07
806,1903-10-12
807,1903-11-11
808,1903-11-26
809,1903-12-25
810,1904-01-01
811,1904-02-15
812,1904-05-30
813,1904-07-04
814,1904-09-05
815,1904-10-10
816,1904-11-11
817,1904-11-24
818,1904-12-25
819,1904-12-26
820,1905-01-01
821,1905-01-02
822,1905-02-20
823,1905-05-29
824,1905-07-04
825,1905-09-04
826,1905-10-09
827,1905-11-10
828,1905-11-11
829,1905-11-23
830,1905-12-25
831,1906-01-01
832,1906-02-19
833,1906-05-28
834,1906-07-04
835,1906-09-03
836,1906-10-08
837,1906-11-11
838,1906-11-12
839,1906-11-22
840,1906-12-25
841,1907-01-01
842,1907-02-18
843,1907-05-27
844,1907-07-04
845,1907-09-02
846,1907-10-14
847,1907-11-11
848,1907-11-28
849,1907-12-25
850,1908-01-01
851,1908-02-17
852,1908-05-25
853,1908-07-03
854,1908-07-04
855,1908-09-07
856,1908-10-12
857,1908-11-11
858,1908-11-26
859,1908-12-25
860,1909-01-01
861,1909-02-15
862,1909-05-31
863,1909-07-04
864,1909-07-05
865,1909-09-06
866,1909-10-11
867,1909-11-11
868,1909-11-25
869,1909-12-24
870,1909-12-25
871,1909-12-31
872,1910-01-01
873,1910-02-21
874,1910-05-30
875,1910-07-04
876,1910-09-05
877,1910-10-10
878,1910-11-11
879,1910-11-24
880,1910-12-25
881,1910-12-26
882,1911-01-01
883,1911-01-02
884,1911-02-20
885,1911-05-29
886,1911-07-04
887,1911-09-04
888,1911-10-09
889,1911-11-10
890,1911-11-11
891,1911-11-23
892,1911-12-25
893,1912-01-01
894,1912-02-19
895,1912-05-27
896,1912-07-04
897,1912-09-02
898,1912-10-14
899,1912-11-11
900,1912-11-28
901,1912-12-25
902,1913-01-01
903,1913-02-17
904,1913-05-26
905,1913-07-04
906,1913-09-01
907,1913-10-13
908,1913-11-11
909,1913-11-27
910,1913-12-25
911,1914-01-01
912,1914-02-16
913,1914-05-25
914,1914-07-03
915,1914-07-04
916,1914-09-07
917,1914-10-12
918,1914-11-11
919,1914-11-26
920,1914-12-25
921,1915-01-01
922,1915-02-15
923,1915-05-31
924,1915-07-04
925,1915-07-05
926,1915-09-06
927,1915-10-11
928,1915-11-11
929,1915-11-25
930,1915-12-24
931,1915-12-25
932,1915-12-31
933,1916-01-01
934,1916-02-21
935,1916-05-29
936,1916-07-04
937,1916-09-04
938,1916-10-09
939,1916-11-10
940,1916-11-11
941,1916-11-23
942,1916-12-25
943,1917-01-01
944,1917-02-19
945,1917-05-28
946,1917-07-04
947,1917-09-03
948,1917-10-08
949,1917-11-11
950,1917-11-12
951,1917-11-22
952,1917-12-25
953,1918-01-01
954,1918-02-18
955,1918-05-27
956,1918-07-04
957,1918-09-02
958,1918-10-14
959,1918-11-11
960,1918-11-28
961,1918-12-25
962,1919-01-01
963,1919-02-17
964,1919-05-26
965,1919-07-04
966,1919-09-01
967,1919-10-13
968,1919-11-11
969,1919-11-27
970,1919-12-25
971,1920-01-01
972,1920-02-16
973,1920-05-31
974,1920-07-04
975,1920-07-05
976,1920-09-06
977,1920-10-11
978,1920-11-11
979,1920-11-25
980,1920-12-24
981,1920-12-25
982,1920-12-31
983,1921-01-01
984,1921-02-21
985,1921-05-30
986,1921-07-04
987,1921-09-05
988,1921-10-10
989,1921-11-11
990,1921-11-24
991,1921-12-25
992,1921-12-26
993,1922-01-01
994,1922-01-02
995,1922-02-20
996,1922-05-29
997,1922-07-04
998,1922-09-04
999,1922-10-09
1000,1922-11-10
1001,1922-11-11
1002,1922-11-23
1003,1922-12-25
1004,1923-01-01
1005,1923-02-19
1006,1923-05-28
1007,1923-07-04
1008,1923-09-03
1009,1923-10-08
1010,1923-11-11
1011,1923-11-12
1012,1923-11-22
1013,1923-12-25
1014,1924-01-01
1015,1924-02-18
1016,1924-05-26
1017,1924-07-04
1018,1924-09-01
1019,1924-10-13
1020,1924-11-11
1021,1924-11-27
1022,1924-12-25
1023,1925-01-01
1024,1925-02-16
1025,1925-05-25
1026,1925-07-03
1027,1925-07-04
1028,1925-09-07
1029,1925-10-12
1030,1925-11-11
1031,1925-11-26
1032,1925-12-25
1033,1926-01-01
1034,1926-02-15
1035,1926-05-31
1036,1926-07-04
1037,1926-07-05
1038,1926-09-06
1039,1926-10-11
1040,1926-11-11
1041,1926-11-25
1042,1926-12-24
1043,1926-12-25
1044,1926-12-31
1045,1927-01-01
1046,1927-02-21
1047,1927-05-30
1048,1927-07-04
1049,1927-09-05
1050,1927-10-10
1051,1927-11-11
1052,1927-11-24
1053,1927-12-25
1054,1927-12-26
1055,1928-01-01
1056,1928-01-02
1057,1928-02-20
1058,1928-05-28
1059,1928-07-04
1060,1928-09-03
1061,1928-10-08
1062,1928-11-11
1063,1928-11-12
1064,1928-11-22
1065,1928-12-25
1066,1929-01-01
1067,1929-02-18
1068,1929-05-27
1069,1929-07-04
1070,1929-09-02
1071,1929-10-14
1072,1929-11-11
1073,1929-11-28
1074,1929-12-25
1075,1930-01-01
1076,1930-02-17
1077,1930-05-26
1078,1930-07-04
1079,1930-09-01
1080,1930-10-13
1081,1930-11-11
1082,1930-11-27
1083,1930-12-25
1084,1931-01-01
1085,1931-02-16
1086,1931-05-25
1087,1931-07-03
1088,1931-07-04
1089,1931-09-07
1090,1931-10-12
1091,1931-11-11
1092,1931-11-26
1093,1931-12-25
1094,1932-01-01
1095,1932-02-15
1096,1932-05-30
1097,1932-07-04
1098,1932-09-05
1099,1932-10-10
1100,1932-11-11
1101,1932-11-24
1102,1932-12-25
1103,1932-12-26
1104,1933-01-01
1105,1933-01-02
1106,1933-02-20
1107,1933-05-29
1108,1933-07-04
1109,1933-09-04
1110,1933-10-09
1111,1933-11-10
1112,1933-11-11
1113,1933-11-23
1114,1933-12-25
1115,1934-01-01
1116,1934-02-19
1117,1934-05-28
1118,1934-07-04
1119,1934-09-03
1120,1934-10-08
1121,1934-11-11
1122,1934-11-12
1123,1934-11-22
1124,1934-12-25
1125,1935-01-01
1126,1935-02-18
1127,1935-05-27
1128,1935-07-04
1129,1935-09-02
1130,1935-10-14
1131,1935-11-11
1132,1935-11-28
1133,1935-12-25
1134,1936-01-01
1135,1936-02-17
1136,1936-05-25
1137,1936-07-03
1138,1936-07-04
1139,1936-09-07
1140,1936-10-12
1141,1936-11-11
1142,1936-11-26
1143,1936-12-25
1144,1937-01-01
1145,1937-02-15
1146,1937-05-31
1147,1937-07-04
1148,1937-07-05
1149,1937-09-06
1150,1937-10-11
1151,1937-11-11
1152,1937-11-25
1153,1937-12-24
1154,1937-12-25
1155,1937-12-31
1156,1938-01-01
1157,1938-02-21
1158,1938-05-30
1159,1938-07-04
1160,1938-09-05
1161,1938-10-10
1162,1938-11-11
1163,1938-11-24
1164,1938-12-25
1165,1938-12-26
1166,1939-01-01
1167,1939-01-02
1168,1939-02-20
1169,1939-05-29
1170,1939-07-04
1171,1939-09-04
1172,1939-10-09
1173,1939-11-10
1174,1939-11-11
1175,1939-11-23
1176,1939-12-25
1177,1940-01-01
1178,1940-02-19
1179,1940-05-27
1180,1940-07-04
1181,1940-09-02
1182,1940-10-14
1183,1940-11-11
1184,1940-11-28
1185,1940-12-25
1186,1941-01-01
1187,1941-02-17
1188,1941-05-26
1189,1941-07-04
1190,1941-09-01
1191,1941-10-13
1192,1941-11-11
1193,1941-11-27
1194,1941-12-25
1195,1942-01-01
1196,1942-02-16
1197,1942-05-25
1198,1942-07-03
1199,1942-07-04
1200,1942-09-07
1201,1942-10-12
1202,1942-11-11
1203,1942-11-26
1204,1942-12-25
1205,1943-01-01
1206,1943-02-15
1207,1943-05-31
1208,1943-07-04
1209,1943-07-05
1210,1943-09-06
1211,1943-10-11
1212,1943-11-11
1213,1943-11-25
1214,1943-12-24
1215,1943-12-25
1216,1943-12-31
1217,1944-01-01
1218,1944-02-21
1219,1944-05-29
1220,1944-07-04
1221,1944-09-04
1222,1944-10-09
1223,1944-11-10
1224,1944-11-11
1225,1944-11-23
1226,1944-12-25
1227,1945-01-01
1228,1945-02-19
1229,1945-05-28
1230,1945-07-04
1231,1945-09-03
1232,1945-10-08
1233,1945-11-11
1234,1945-11-12
1235,1945-11-22
1236,1945-12-25
1237,1946-01-01
1238,1946-02-18
1239,1946-05-27
1240,1946-07-04
1241,1946-09-02
1242,1946-10-14
1243,1946-11-11
1244,1946-11-28
1245,1946-12-25
1246,1947-01-01
1247,1947-02-17
1248,1947-05-26
1249,1947-07-04
1250,1947-09-01
1251,1947-10-13
1252,1947-11-11
1253,1947-11-27
1254,1947-12-25
1255,1948-01-01
1256,1948-02-16
1257,1948-05-31
1258,1948-07-04
1259,1948-07-05
1260,1948-09-06
1261,1948-10-11
1262,1948-11-11
1263,1948-11-25
1264,1948-12-24
1265,1948-12-25
1266,1948-12-31
1267,1949-01-01
1268,1949-02-21
1269,1949-05-30
1270,1949-07-04
1271,1949-09-05
1272,1949-10-10
1273,1949-11-11
1274,1949-11-24
1275,1949-12-25
1276,1949-12-26
1277,1950-01-01
1278,1950-01-02
1279,1950-02-20
1280,1950-05-29
1281,1950-07-04
1282,1950-09-04
1283,1950-10-09
1284,1950-11-10
1285,1950-11-11
1286,1950-11-23
1287,1950-12-25
1288,1951-01-01
1289,1951-02-19
1290,1951-05-28
1291,1951-07-04
1292,1951-09-03
1293,1951-10-08
1294,1951-11-11
1295,1951-11-12
1296,1951-11-22
1297,1951-12-25
1298,1952-01-01
1299,1952-02-18
1300,1952-05-26
1301,1952-07-04
1302,1952-09-01
1303,1952-10-13
1304,1952-11-11
1305,1952-11-27
1306,1952-12-25
1307,1953-01-01
1308,1953-02-16
1309,1953-05-25
1310,1953-07-03
1311,1953-07-04
1312,1953-09-07
1313,1953-10-12
1314,1953-11-11
1315,1953-11-26
1316,1953-12-25
1317,1954-01-01
1318,1954-02-15
1319,1954-05-31
1320,1954-07-04
1321,1954-07-05
1322,1954-09-06
1323,1954-10-11
1324,1954-11-11
1325,1954-11-25
1326,1954-12-24
1327,1954-12-25
1328,1954-12-31
1329,1955-01-01
1330,1955-02-21
1331,1955-05-30
1332,1955-07-04
1333,1955-09-05
1334,1955-10-10
1335,1955-11-11
1336,1955-11-24
1337,1955-12-25
1338,1955-12-26
1339,1956-01-01
1340,1956-01-02
1341,1956-02-20
1342,1956-05-28
1343,1956-07-04
1344,1956-09-03
1345,1956-10-08
1346,1956-11-11
1347,1956-11-12
1348,1956-11-22
1349,1956-12-25
1350,1957-01-01
1351,1957-02-18
1352,1957-05-27
1353,1957-07-04
1354,1957-09-02
1355,1957-10-14
1356,1957-11-11
1357,1957-11-28
1358,1957-12-25
1359,1958-01-01
1360,1958-02-17
1361,1958-05-26
1362,1958-07-04
1363,1958-09-01
1364,1958-10-13
1365,1958-11-11
1366,1958-11-27
1367,1958-12-25
1368,1959-01-01
1369,1959-02-16
1370,1959-05-25
1371,1959-07-03
1372,1959-07-04
1373,1959-09-07
1374,1959-10-12
1375,1959-11-11
1376,1959-11-26
1377,1959-12-25
1378,1960-01-01
1379,1960-02-15
1380,1960-05-30
1381,1960-07-04
1382,1960-09-05
1383,1960-10-10
1384,1960-11-11
1385,1960-11-24
1386,1960-12-25
1387,1960-12-26
1388,1961-01-01
1389,1961-01-02
1390,1961-02-20
1391,1961-05-29
1392,1961-07-04
1393,1961-09-04
1394,1961-10-09
1395,1961-11-10
1396,1961-11-11
1397,1961-11-23
1398,1961-12-25
1399,1962-01-01
1400,1962-02-19
1401,1962-05-28
1402,1962-07-04
1403,1962-09-03
1404,1962-10-08
1405,1962-11-11
1406,1962-11-12
1407,1962-11-22
1408,1962-12-25
1409,1963-01-01
1410,1963-02-18
1411,1963-05-27
1412,1963-07-04
1413,1963-09-02
1414,1963-10-14
1415,1963-11-11
1416,1963-11-28
1417,1963-12-25
1418,1964-01-01
1419,1964-02-17
1420,1964-05-25
1421,1964-07-03
1422,1964-07-04
1423,1964-09-07
1424,1964-10-12
1425,1964-11-11
1426,1964-11-26
1427,1964-12-25
1428,1965-01-01
1429,1965-02-15
1430,1965-05-31
1431,1965-07-04
1432,1965-07-05
1433,1965-09-06
1434,1965-10-11
1435,1965-11-11
1436,1965-11-25
1437,1965-12-24
1438,1965-12-25
1439,1965-12-31
1440,1966-01-01
1441,1966-02-21
1442,1966-05-30
1443,1966-07-04
1444,1966-09-05
1445,1966-10-10
1446,1966-11-11
1447,1966-11-24
1448,1966-12-25
1449,1966-12-26
1450,1967-01-01
1451,1967-01-02
1452,1967-02-20
1453,1967-05-29
1454,1967-07-04
1455,1967-09-04
1456,1967-10-09
1457,1967-11-10
1458,1967-11-11
1459,1967-11-23
1460,1967-12-25
1461,1968-01-01
1462,1968-02-19
1463,1968-05-27
1464,1968-07-04
1465,1968-09-02
1466,1968-10-14
1467,1968-11-11
1468,1968-11-28
1469,1968-12-25
1470,1969-01-01
1471,1969-02-17
1472,1969-05-26
1473,1969-07-04
1474,1969-09-01
1475,1969-10-13
1476,1969-11-11
1477,1969-11-27
1478,1969-12-25
1479,1970-01-01
1480,1970-02-16
1481,1970-05-25
1482,1970-07-03
1483,1970-07-04
1484,1970-09-07
1485,1970-10-12
1486,1970-11-11
1487,1970-11-26
1488,1970-12-25
1489,1971-01-01
1490,1971-02-15
1491,1971-05-31
1492,1971-07-04
1493,1971-07-05
1494,1971-09-06
1495,1971-10-11
1496,1971-11-11
1497,1971-11-25
1498,1971-12-24
1499,1971-12-25
1500,1971-12-31
1501,1972-01-01
1502,1972-02-21
1503,1972-05-29
1504,1972-07-04
1505,1972-09-04
1506,1972-10-09
1507,1972-11-10
1508,1972-11-11
1509,1972-11-23
1510,1972-12-25
1511,1973-01-01
1512,1973-02-19
1513,1973-05-28
1514,1973-07-04
1515,1973-09-03
1516,1973-10-08
1517,1973-11-11
1518,1973-11-12
1519,1973-11-22
1520,1973-12-25
1521,1974-01-01
1522,1974-02-18
1523,1974-05-27
1524,1974-07-04
1525,1974-09-02
1526,1974-10-14
1527,1974-11-11
1528,1974-11-28
1529,1974-12-25
1530,1975-01-01
1531,1975-02-17
1532,1975-05-26
1533,1975-07-04
1534,1975-09-01
1535,1975-10-13
1536,1975-11-11
1537,1975-11-27
1538,1975-12-25
1539,1976-01-01
1540,1976-02-16
1541,1976-05-31
1542,1976-07-04
1543,1976-07-05
1544,1976-09-06
1545,1976-10-11
1546,1976-11-11
1547,1976-11-25
1548,1976-12-24
1549,1976-12-25
1550,1976-12-31
1551,1977-01-01
1552,1977-02-21
1553,1977-05-30
1554,1977-07-04
1555,1977-09-05
1556,1977-10-10
1557,1977-11-11
1558,1977-11-24
1559,1977-12-25
1560,1977-12-26
1561,1978-01-01
1562,1978-01-02
1563,1978-02-20
1564,1978-05-29
1565,1978-07-04
1566,1978-09-04
1567,1978-10-09
1568,1978-11-10
1569,1978-11-11
1570,1978-11-23
1571,1978-12-25
1572,1979-01-01
1573,1979-02-19
1574,1979-05-28
1575,1979-07-04
1576,1979-09-03
1577,1979-10-08
1578,1979-11-11
1579,1979-11-12
1580,1979-11-22
1581,1979-12-25
1582,1980-01-01
1583,1980-02-18
1584,1980-05-26
1585,1980-07-04
1586,1980-09-01
1587,1980-10-13
1588,1980-11-11
1589,1980-11-27
1590,1980-12-25
1591,1981-01-01
1592,1981-02-16
1593,1981-05-25
1594,1981-07-03
1595,1981-07-04
1596,1981-09-07
1597,1981-10-12
1598,1981-11-11
1599,1981-11-26
1600,1981-12-25
1601,1982-01-01
1602,1982-02-15
1603,1982-05-31
1604,1982-07-04
1605,1982-07-05
1606,1982-09-06
1607,1982-10-11
1608,1982-11-11
1609,1982-11-25
1610,1982-12-24
1611,1982-12-25
1612,1982-12-31
1613,1983-01-01
1614,1983-02-21
1615,1983-05-30
1616,1983-07-04
1617,1983-09-05
1618,1983-10-10
1619,1983-11-11
1620,1983-11-24
1621,1983-12-25
1622,1983-12-26
1623,1984-01-01
1624,1984-01-02
1625,1984-02-20
1626,1984-05-28
1627,1984-07-04
1628,1984-09-03
1629,1984-10-08
1630,1984-11-11
1631,1984-11-12
1632,1984-11-22
1633,1984-12-25
1634,1985-01-01
1635,1985-01-21
1636,1985-02-18
1637,1985-05-27
1638,1985-07-04
1639,1985-09-02
1640,1985-10-14
1641,1985-11-11
1642,1985-11-28
1643,1985-12-25
1644,1986-01-01
1645,1986-01-20
1646,1986-02-17
1647,1986-05-26
1648,1986-07-04
1649,1986-09-01
1650,1986-10-13
1651,1986-11-11
1652,1986-11-27
1653,1986-12-25
1654,1987-01-01
1655,1987-01-19
1656,1987-02-16
1657,1987-05-25
1658,1987-07-03
1659,1987-07-04
1660,1987-09-07
1661,1987-10-12
1662,1987-11-11
1663,1987-11-26
1664,1987-12-25
1665,1988-01-01
1666,1988-01-18
1667,1988-02-15
1668,1988-05-30
1669,1988-07-04
1670,1988-09-05
1671,1988-10-10
1672,1988-11-11
1673,1988-11-24
1674,1988-12-25
1675,1988-12-26
1676,1989-01-01
1677,1989-01-02
1678,1989-01-16
1679,1989-02-20
1680,1989-05-29
1681,1989-07-04
1682,1989-09-04
1683,1989-10-09
1684,1989-11-10
1685,1989-11-11
1686,1989-11-23
1687,1989-12-25
1688,1990-01-01
1689,1990-01-15
1690,1990-02-19
1691,1990-05-28
1692,1990-07-04
1693,1990-09-03
1694,1990-10-08
1695,1990-11-11
1696,1990-11-12
1697,1990-11-22
1698,1990-12-25
1699,1991-01-01
1700,1991-01-21
1701,1991-02-18
1702,1991-05-27
1703,1991-07-04
1704,1991-09-02
1705,1991-10-14
1706,1991-11-11
1707,1991-11-28
1708,1991-12-25
1709,1992-01-01
1710,1992-01-20
1711,1992-02-17
1712,1992-05-25
1713,1992-07-03
1714,1992-07-04
1715,1992-09-07
1716,1992-10-12
1717,1992-11-11
1718,1992-11-26
1719,1992-12-25
1720,1993-01-01
1721,1993-01-18
1722,1993-02-15
1723,1993-05-31
1724,1993-07-04
1725,1993-07-05
1726,1993-09-06
1727,1993-10-11
1728,1993-11-11
1729,1993-11-25
1730,1993-12-24
1731,1993-12-25
1732,1993-12-31
1733,1994-01-01
1734,1994-01-17
1735,1994-02-21
1736,1994-05-30
1737,1994-07-04
1738,1994-09-05
1739,1994-10-10
1740,1994-11-11
1741,1994-11-24
1742,1994-12-25
1743,1994-12-26
1744,1995-01-01
1745,1995-01-02
1746,1995-01-16
1747,1995-02-20
1748,1995-05-29
1749,1995-07-04
1750,1995-09-04
1751,1995-10-09
1752,1995-11-10
1753,1995-11-11
1754,1995-11-23
1755,1995-12-25
1756,1996-01-01
1757,1996-01-15
1758,1996-02-19
1759,1996-05-27
1760,1996-07-04
1761,1996-09-02
1762,1996-10-14
1763,1996-11-11
1764,1996-11-28
1765,1996-12-25
1766,1997-01-01
1767,1997-01-20
1768,1997-02-17
1769,1997-05-26
1770,1997-07-04
1771,1997-09-01
1772,1997-10-13
1773,1997-11-11
1774,1997-11-27
1775,1997-12-25
1776,1998-01-01
1777,1998-01-19
1778,1998-02-16
1779,1998-05-25
1780,1998-07-03
1781,1998-07-04
1782,1998-09-07
1783,1998-10-12
1784,1998-11-11
1785,1998-11-26
1786,1998-12-25
1787,1999-01-01
1788,1999-01-18
1789,1999-02-15
1790,1999-05-31
1791,1999-07-04
1792,1999-07-05
1793,1999-09-06
1794,1999-10-11
1795,1999-11-11
1796,1999-11-25
1797,1999-12-24
1798,1999-12-25
1799,1999-12-31
1800,2000-01-01
1801,2000-01-17
1802,2000-02-21
1803,2000-05-29
1804,2000-07-04
1805,2000-09-04
1806,2000-10-09
1807,2000-11-10
1808,2000-11-11
1809,2000-11-23
1810,2000-12-25
1811,2001-01-01
1812,2001-01-15
1813,2001-02-19
1814,2001-05-28
1815,2001-07-04
1816,2001-09-03
1817,2001-10-08
1818,2001-11-11
1819,2001-11-12
1820,2001-11-22
1821,2001-12-25
1822,2002-01-01
1823,2002-01-21
1824,2002-02-18
1825,2002-05-27
1826,2002-07-04
1827,2002-09-02
1828,2002-10-14
1829,2002-11-11
1830,2002-11-28
1831,2002-12-25
1832,2003-01-01
1833,2003-01-20
1834,2003-02-17
1835,2003-05-26
1836,2003-07-04
1837,2003-09-01
1838,2003-10-13
1839,2003-11-11
1840,2003-11-27
1841,2003-12-25
1842,2004-01-01
1843,2004-01-19
1844,2004-02-16
1845,2004-05-31
1846,2004-07-04
1847,2004-07-05
1848,2004-09-06
1849,2004-10-11
1850,2004-11-11
1851,2004-11-25
1852,2004-12-24
1853,2004-12-25
1854,2004-12-31
1855,2005-01-01
1856,2005-01-17
1857,2005-02-21
1858,2005-05-30
1859,2005-07-04
1860,2005-09-05
1861,2005-10-10
1862,2005-11-11
1863,2005-11-24
1864,2005-12-25
1865,2005-12-26
1866,2006-01-01
1867,2006-01-02
1868,2006-01-16
1869,2006-02-20
1870,2006-05-29
1871,2006-07-04
1872,2006-09-04
1873,2006-10-09
1874,2006-11-10
1875,2006-11-11
1876,2006-11-23
1877,2006-12-25
1878,2007-01-01
1879,2007-01-15
1880,2007-02-19
1881,2007-05-28
1882,2007-07-04
1883,2007-09-03
1884,2007-10-08
1885,2007-11-11
1886,2007-11-12
1887,2007-11-22
1888,2007-12-25
1889,2008-01-01
1890,2008-01-21
1891,2008-02-18
1892,2008-05-26
1893,2008-07-04
1894,2008-09-01
1895,2008-10-13
1896,2008-11-11
1897,2008-11-27
1898,2008-12-25
1899,2009-01-01
1900,2009-01-19
1901,2009-02-16
1902,2009-05-25
1903,2009-07-03
1904,2009-07-04
1905,2009-09-07
1906,2009-10-12
1907,2009-11-11
1908,2009-11-26
1909,2009-12-25
1910,2010-01-01
1911,2010-01-18
1912,2010-02-15
1913,2010-05-31
1914,2010-07-04
1915,2010-07-05
1916,2010-09-06
1917,2010-10-11
1918,2010-11-11
1919,2010-11-25
1920,2010-12-24
1921,2010-12-25
1922,2010-12-31
1923,2011-01-01
1924,2011-01-17
1925,2011-02-21
1926,2011-05-30
1927,2011-07-04
1928,2011-09-05
1929,2011-10-10
1930,2011-11-11
1931,2011-11-24
1932,2011-12-25
1933,2011-12-26
1934,2012-01-01
1935,2012-01-02
1936,2012-01-16
1937,2012-02-20
1938,2012-05-28
1939,2012-07-04
1940,2012-09-03
1941,2012-10-08
1942,2012-11-11
1943,2012-11-12
1944,2012-11-22
1945,2012-12-25
1946,2013-01-01
1947,2013-01-21
1948,2013-02-18
1949,2013-05-27
1950,2013-07-04
1951,2013-09-02
1952,2013-10-14
1953,2013-11-11
1954,2013-11-28
1955,2013-12-25
1956,2014-01-01
1957,2014-01-20
1958,2014-02-17
1959,2014-05-26
1960,2014-07-04
1961,2014-09-01
1962,2014-10-13
1963,2014-11-11
1964,2014-11-27
1965,2014-12-25
1966,2015-01-01
1967,2015-01-19
1968,2015-02-16
1969,2015-05-25
1970,2015-07-03
1971,2015-07-04
1972,2015-09-07
1973,2015-10-12
1974,2015-11-11
1975,2015-11-26
1976,2015-12-25
1977,2016-01-01
1978,2016-01-18
1979,2016-02-15
1980,2016-05-30
1981,2016-07-04
1982,2016-09-05
1983,2016-10-10
1984,2016-11-11
1985,2016-11-24
1986,2016-12-25
1987,2016-12-26
1988,2017-01-01
1989,2017-01-02
1990,2017-01-16
1991,2017-02-20
1992,2017-05-29
1993,2017-07-04
1994,2017-09-04
1995,2017-10-09
1996,2017-11-10
1997,2017-11-11
1998,2017-11-23
1999,2017-12-25
2000,2018-01-01
2001,2018-01-15
2002,2018-02-19
2003,2018-05-28
2004,2018-07-04
2005,2018-09-03
2006,2018-10-08
2007,2018-11-11
2008,2018-11-12
2009,2018-11-22
2010,2018-12-25
2011,2019-01-01
2012,2019-01-21
2013,2019-02-18
2014,2019-05-27
2015,2019-07-04
2016,2019-09-02
2017,2019-10-14
2018,2019-11-11
2019,2019-11-28
2020,2019-12-25
2021,2020-01-01
2022,2020-01-20
2023,2020-02-17
2024,2020-05-25
2025,2020-07-03
2026,2020-07-04
2027,2020-09-07
2028,2020-10-12
2029,2020-11-11
2030,2020-11-26
2031,2020-12-25
2032,2021-01-01
2033,2021-01-18
2034,2021-02-15
2035,2021-05-31
2036,2021-06-18
2037,2021-06-19
2038,2021-07-04
2039,2021-07-05
2040,2021-09-06
2041,2021-10-11
2042,2021-11-11
2043,2021-11-25
2044,2021-12-24
2045,2021-12-25
2046,2021-12-31
2047,2022-01-01
2048,2022-01-17
2049,2022-02-21
2050,2022-05-30
2051,2022-06-19
2052,2022-06-20
2053,2022-07-04
2054,2022-09-05
2055,2022-10-10
2056,2022-11-11
2057,2022-11-24
2058,2022-12-25
2059,2022-12-26
2060,2023-01-01
2061,2023-01-02
2062,2023-01-16
2063,2023-02-20
2064,2023-05-29
2065,2023-06-19
2066,2023-07-04
2067,2023-09-04
2068,2023-10-09
2069,2023-11-10
2070,2023-11-11
2071,2023-11-23
2072,2023-12-25
2073,2024-01-01
2074,2024-01-15
2075,2024-02-19
2076,2024-05-27
2077,2024-06-19
2078,2024-07-04
2079,2024-09-02
2080,2024-10-14
2081,2024-11-11
2082,2024-11-28
2083,2024-12-25
2084,2025-01-01
2085,2025-01-20
2086,2025-02-17
2087,2025-05-26
2088,2025-06-19
2089,2025-07-04
2090,2025-09-01
2091,2025-10-13
2092,2025-11-11
2093,2025-11-27
2094,2025-12-25
2095,2026-01-01
2096,2026-01-19
2097,2026-02-16
2098,2026-05-25
2099,2026-06-19
2100,2026-07-03
2101,2026-07-04
2102,2026-09-07
2103,2026-10-12
2104,2026-11-11
2105,2026-11-26
2106,2026-12-25
2107,2027-01-01
2108,2027-01-18
2109,2027-02-15
2110,2027-05-31
2111,2027-06-18
2112,2027-06-19
2113,2027-07-04
2114,2027-07-05
2115,2027-09-06
2116,2027-10-11
2117,2027-11-11
2118,2027-11-25
2119,2027-12-24
2120,2027-12-25
2121,2027-12-31
2122,2028-01-01
2123,2028-01-17
2124,2028-02-21
2125,2028-05-29
2126,2028-06-19
2127,2028-07-04
2128,2028-09-04
2129,2028-10-09
2130,2028-11-10
2131,2028-11-11
2132,2028-11-23
2133,2028-12-25
2134,2029-01-01
2135,2029-01-15
2136,2029-02-19
2137,2029-05-28
2138,2029-06-19
2139,2029-07-04
2140,2029-09-03
2141,2029-10-08
2142,2029-11-11
2143,2029-11-12
2144,2029-11-22
2145,2029-12-25
2146,2030-01-01
2147,2030-01-21
2148,2030-02-18
2149,2030-05-27
2150,2030-06-19
2151,2030-07-04
2152,2030-09-02
2153,2030-10-14
2154,2030-11-11
2155,2030-11-28
2156,2030-12-25
2157,2031-01-01
2158,2031-01-20
2159,2031-02-17
2160,2031-05-26
2161,2031-06-19
2162,2031-07-04
2163,2031-09-01
2164,2031-10-13
2165,2031-11-11
2166,2031-11-27
2167,2031-12-25
2168,2032-01-01
2169,2032-01-19
2170,2032-02-16
2171,2032-05-31
2172,2032-06-18
2173,2032-06-19
2174,2032-07-04
2175,2032-07-05
2176,2032-09-06
2177,2032-10-11
2178,2032-11-11
2179,2032-11-25
2180,2032-12-24
2181,2032-12-25
2182,2032-12-31
2183,2033-01-01
2184,2033-01-17
2185,2033-02-21
2186,2033-05-30
2187,2033-06-19
2188,2033-06-20
2189,2033-07-04
2190,2033-09-05
2191,2033-10-10
2192,2033-11-11
2193,2033-11-24
2194,2033-12-25
2195,2033-12-26
2196,2034-01-01
2197,2034-01-02
2198,2034-01-16
2199,2034-02-20
2200,2034-05-29
2201,2034-06-19
2202,2034-07-04
2203,2034-09-04
2204,2034-10-09
2205,2034-11-10
2206,2034-11-11
2207,2034-11-23
2208,2034-12-25
2209,2035-01-01
2210,2035-01-15
2211,2035-02-19
2212,2035-05-28
2213,2035-06-19
2214,2035-07-04
2215,2035-09-03
2216,2035-10-08
2217,2035-11-11
2218,2035-11-12
2219,2035-11-22
2220,2035-12-25
2221,2036-01-01
2222,2036-01-21
2223,2036-02-18
2224,2036-05-26
2225,2036-06-19
2226,2036-07-04
2227,2036-09-01
2228,2036-10-13
2229,2036-11-11
2230,2036-11-27
2231,2036-12-25
2232,2037-01-01
2233,2037-01-19
2234,2037-02-16
2235,2037-05-25
2236,2037-06-19
2237,2037-07-03
2238,2037-07-04
2239,2037-09-07
2240,2037-10-12
2241,2037-11-11
2242,2037-11-26
2243,2037-12-25
2244,2038-01-01
2245,2038-01-18
2246,2038-02-15
2247,2038-05-31
2248,2038-06-18
2249,2038-06-19
2250,2038-07-04
2251,2038-07-05
2252,2038-09-06
2253,2038-10-11
2254,2038-11-11
2255,2038-11-25
2256,2038-12-24
2257,2038-12-25
2258,2038-12-31
2259,2039-01-01
2260,2039-01-17
2261,2039-02-21
2262,2039-05-30
2263,2039-06-19
2264,2039-06-20
2265,2039-07-04
2266,2039-09-05
2267,2039-10-10
2268,2039-11-11
2269,2039-11-24
2270,2039-12-25
2271,2039-12-26
2272,2040-01-01
2273,2040-01-02
2274,2040-01-16
2275,2040-02-20
2276,2040-05-28
2277,2040-06-19
2278,2040-07-04
2279,2040-09-03
2280,2040-10-08
2281,2040-11-11
2282,2040-11-12
2283,2040-11-22
2284,2040-12-25
2285,2041-01-01
2286,2041-01-21
2287,2041-02-18
2288,2041-05-27
2289,2041-06-19
2290,2041-07-04
2291,2041-09-02
2292,2041-10-14
2293,2041-11-11
2294,2041-11-28
2295,2041-12-25
2296,2042-01-01
2297,2042-01-20
2298,2042-02-17
2299,2042-05-26
2300,2042-06-19
2301,2042-07-04
2302,2042-09-01
2303,2042-10-13
2304,2042-11-11
2305,2042-11-27
2306,2042-12-25
2307,2043-01-01
2308,2043-01-19
2309,2043-02-16
2310,2043-05-25
2311,2043-06-19
2312,2043-07-03
2313,2043-07-04
2314,2043-09-07
2315,2043-10-12
2316,2043-11-11
2317,2043-11-26
2318,2043-12-25
2319,2044-01-01
2320,2044-01-18
2321,2044-02-15
2322,2044-05-30
2323,2044-06-19
2324,2044-06-20
2325,2044-07-04
2326,2044-09-05
2327,2044-10-10
2328,2044-11-11
2329,2044-11-24
2330,2044-12-25
2331,2044-12-26
2332,2045-01-01
2333,2045-01-02
2334,2045-01-16
2335,2045-02-20
2336,2045-05-29
2337,2045-06-19
2338,2045-07-04
2339,2045-09-04
2340,2045-10-09
2341,2045-11-10
2342,2045-11-11
2343,2045-11-23
2344,2045-12-25
2345,2046-01-01
2346,2046-01-15
2347,2046-02-19
2348,2046-05-28
2349,2046-06-19
2350,2046-07-04
2351,2046-09-03
2352,2046-10-08
2353,2046-11-11
2354,2046-11-12
2355,2046-11-22
2356,2046-12-25
2357,2047-01-01
2358,2047-01-21
2359,2047-02-18
2360,2047-05-27
2361,2047-06-19
2362,2047-07-04
2363,2047-09-02
2364,2047-10-14
2365,2047-11-11
2366,2047-11-28
2367,2047-12-25
2368,2048-01-01
2369,2048-01-20
2370,2048-02-17
2371,2048-05-25
2372,2048-06-19
2373,2048-07-03
2374,2048-07-04
2375,2048-09-07
2376,2048-10-12
2377,2048-11-11
2378,2048-11-26
2379,2048-12-25
2380,2049-01-01
2381,2049-01-18
2382,2049-02-15
2383,2049-05-31
2384,2049-06-18
2385,2049-06-19
2386,2049-07-04
2387,2049-07-05
2388,2049-09-06
2389,2049-10-11
2390,2049-11-11
2391,2049-11-25
2392,2049-12-24
2393,2049-12-25
2394,2049-12-31
2395,2050-01-01
2396,2050-01-17
2397,2050-02-21
2398,2050-05-30
2399,2050-06-19
2400,2050-06-20
2401,2050-07-04
2402,2050-09-05
2403,2050-10-10
2404,2050-11-11
2405,2050-11-24
2406,2050-12-25
2407,2050-12-26
2408,2051-01-01
2409,2051-01-02
2410,2051-01-16
2411,2051-02-20
2412,2051-05-29
2413,2051-06-19
2414,2051-07-04
2415,2051-09-04
2416,2051-10-09
2417,2051-11-10
2418,2051-11-11
2419,2051-11-23
2420,2051-12-25
2421,2052-01-01
2422,2052-01-15
2423,2052-02-19
2424,2052-05-27
2425,2052-06-19
2426,2052-07-04
2427,2052-09-02
2428,2052-10-14
2429,2052-11-11
2430,2052-11-28
2431,2052-12-25
2432,2053-01-01
2433,2053-01-20
2434,2053-02-17
2435,2053-05-26
2436,2053-06-19
2437,2053-07-04
2438,2053-09-01
2439,2053-10-13
2440,2053-11-11
2441,2053-11-27
2442,2053-12-25
2443,2054-01-01
2444,2054-01-19
2445,2054-02-16
2446,2054-05-25
2447,2054-06-19
2448,2054-07-03
2449,2054-07-04
2450,2054-09-07
2451,2054-10-12
2452,2054-11-11
2453,2054-11-26
2454,2054-12-25
2455,2055-01-01
2456,2055-01-18
2457,2055-02-15
2458,2055-05-31
2459,2055-06-18
2460,2055-06-19
2461,2055-07-04
2462,2055-07-05
2463,2055-09-06
2464,2055-10-11
2465,2055-11-11
2466,2055-11-25
2467,2055-12-24
2468,2055-12-25
2469,2055-12-31
2470,2056-01-01
2471,2056-01-17
2472,2056-02-21
2473,2056-05-29
2474,2056-06-19
2475,2056-07-04
2476,2056-09-04
2477,2056-10-09
2478,2056-11-10
2479,2056-11-11
2480,2056-11-23
2481,2056-12-25
2482,2057-01-01
2483,2057-01-15
2484,2057-02-19
2485,2057-05-28
2486,2057-06-19
2487,2057-07-04
2488,2057-09-03
2489,2057-10-08
2490,2057-11-11
2491,2057-11-12
2492,2057-11-22
2493,2057-12-25
2494,2058-01-01
2495,2058-01-21
2496,2058-02-18
2497,2058-05-27
2498,2058-06-19
2499,2058-07-04
2500,2058-09-02
2501,2058-10-14
2502,2058-11-11
2503,2058-11-28
2504,2058-12-25
2505,2059-01-01
2506,2059-01-20
2507,2059-02-17
2508,2059-05-26
2509,2059-06-19
2510,2059-07-04
2511,2059-09-01
2512,2059-10-13
2513,2059-11-11
2514,2059-11-27
2515,2059-12-25
2516,2060-01-01
2517,2060-01-19
2518,2060-02-16
2519,2060-05-31
2520,2060-06-18
2521,2060-06-19
2522,2060-07-04
2523,2060-07-05
2524,2060-09-06
2525,2060-10-11
2526,2060-11-11
2527,2060-11-25
2528,2060-12-24
2529,2060-12-25
2530,2060-12-31
2531,2061-01-01
2532,2061-01-17
2533,2061-02-21
2534,2061-05-30
2535,2061-06-19
2536,2061-06-20
2537,2061-07-04
2538,2061-09-05
2539,2061-10-10
2540,2061-11-11
2541,2061-11-24
2542,2061-12-25
2543,2061-12-26
2544,2062-01-01
2545,2062-01-02
2546,2062-01-16
2547,2062-02-20
2548,2062-05-29
2549,2062-06-19
2550,2062-07-04
2551,2062-09-04
2552,2062-10-09
2553,2062-11-10
2554,2062-11-11
2555,2062-11-23
2556,2062-12-25
2557,2063-01-01
2558,2063-01-15
2559,2063-02-19
2560,2063-05-28
2561,2063-06-19
2562,2063-07-04
2563,2063-09-03
2564,2063-10-08
2565,2063-11-11
2566,2063-11-12
2567,2063-11-22
2568,2063-12-25
2569,2064-01-01
2570,2064-01-21
2571,2064-02-18
2572,2064-05-26
2573,2064-06-19
2574,2064-07-04
2575,2064-09-01
2576,2064-10-13
2577,2064-11-11
2578,2064-11-27
2579,2064-12-25
2580,2065-01-01
2581,2065-01-19
2582,2065-02-16
2583,2065-05-25
2584,2065-06-19
2585,2065-07-03
2586,2065-07-04
2587,2065-09-07
2588,2065-10-12
2589,2065-11-11
2590,2065-11-26
2591,2065-12-25
2592,2066-01-01
2593,2066-01-18
2594,2066-02-15
2595,2066-05-31
2596,2066-06-18
2597,2066-06-19
2598,2066-07-04
2599,2066-07-05
2600,2066-09-06
2601,2066-10-11
2602,2066-11-11
2603,2066-11-25
2604,2066-12-24
2605,2066-12-25
2606,2066-12-31
2607,2067-01-01
2608,2067-01-17
2609,2067-02-21
2610,2067-05-30
2611,2067-06-19
2612,2067-06-20
2613,2067-07-04
2614,2067-09-05
2615,2067-10-10
2616,2067-11-11
2617,2067-11-24
2618,2067-12-25
2619,2067-12-26
2620,2068-01-01
2621,2068-01-02
2622,2068-01-16
2623,2068-02-20
2624,2068-05-28
2625,2068-06-19
2626,2068-07-04
2627,2068-09-03
2628,2068-10-08
2629,2068-11-11
2630,2068-11-12
2631,2068-11-22
2632,2068-12-25
2633,2069-01-01
2634,2069-01-21
2635,2069-02-18
2636,2069-05-27
2637,2069-06-19
2638,2069-07-04
2639,2069-09-02
2640,2069-10-14
2641,2069-11-11
2642,2069-11-28
2643,2069-12-25
2644,2070-01-01
2645,2070-01-20
2646,2070-02-17
2647,2070-05-26
2648,2070-06-19
2649,2070-07-04
2650,2070-09-01
2651,2070-10-13
2652,2070-11-11
2653,2070-11-27
2654,2070-12-25
2655,2071-01-01
2656,2071-01-19
2657,2071-02-16
2658,2071-05-25
2659,2071-06-19
2660,2071-07-03
2661,2071-07-04
2662,2071-09-07
2663,2071-10-12
2664,2071-11-11
2665,2071-11-26
2666,2071-12-25
2667,2072-01-01
2668,2072-01-18
2669,2072-02-15
2670,2072-05-30
2671,2072-06-19
2672,2072-06-20
2673,2072-07-04
2674,2072-09-05
2675,2072-10-10
2676,2072-11-11
2677,2072-11-24
2678,2072-12-25
2679,2072-12-26
2680,2073-01-01
2681,2073-01-02
2682,2073-01-16
2683,2073-02-20
2684,2073-05-29
2685,2073-06-19
2686,2073-07-04
2687,2073-09-04
2688,2073-10-09
2689,2073-11-10
2690,2073-11-11
2691,2073-11-23
2692,2073-12-25
2693,2074-01-01
2694,2074-01-15
2695,2074-02-19
2696,2074-05-28
2697,2074-06-19
2698,2074-07-04
2699,2074-09-03
2700,2074-10-08
2701,2074-11-11
2702,2074-11-12
2703,2074-11-22
2704,2074-12-25
2705,2075-01-01
2706,2075-01-21
2707,2075-02-18
2708,2075-05-27
2709,2075-06-19
2710,2075-07-04
2711,2075-09-02
2712,2075-10-14
2713,2075-11-11
2714,2075-11-28
2715,2075-12-25
2716,2076-01-01
2717,2076-01-20
2718,2076-02-17
2719,2076-05-25
2720,2076-06-19
2721,2076-07-03
2722,2076-07-04
2723,2076-09-07
2724,2076-10-12
2725,2076-11-11
2726,2076-11-26
2727,2076-12-25
2728,2077-01-01
2729,2077-01-18
2730,2077-02-15
2731,2077-05-31
2732,2077-06-18
2733,2077-06-19
2734,2077-07-04
2735,2077-07-05
2736,2077-09-06
2737,2077-10-11
2738,2077-11-11
2739,2077-11-25
2740,2077-12-24
2741,2077-12-25
2742,2077-12-31
2743,2078-01-01
2744,2078-01-17
2745,2078-02-21
2746,2078-05-30
2747,2078-06-19
2748,2078-06-20
2749,2078-07-04
2750,2078-09-05
2751,2078-10-10
2752,2078-11-11
2753,2078-11-24
2754,2078-12-25
2755,2078-12-26
2756,2079-01-01
2757,2079-01-02
2758,2079-01-16
2759,2079-02-20
2760,2079-05-29
2761,2079-06-19
2762,2079-07-04
2763,2079-09-04
2764,2079-10-09
2765,2079-11-10
2766,2079-11-11
2767,2079-11-23
2768,2079-12-25
2769,2080-01-01
2770,2080-01-15
2771,2080-02-19
2772,2080-05-27
2773,2080-06-19
2774,2080-07-04
2775,2080-09-02
2776,2080-10-14
2777,2080-11-11
2778,2080-11-28
2779,2080-12-25
2780,2081-01-01
2781,2081-01-20
2782,2081-02-17
2783,2081-05-26
2784,2081-06-19
2785,2081-07-04
2786,2081-09-01
2787,2081-10-13
2788,2081-11-11
2789,2081-11-27
2790,2081-12-25
2791,2082-01-01
2792,2082-01-19
2793,2082-02-16
2794,2082-05-25
2795,2082-06-19
2796,2082-07-03
2797,2082-07-04
2798,2082-09-07
2799,2082-10-12
2800,2082-11-11
2801,2082-11-26
2802,2082-12-25
2803,2083-01-01
2804,2083-01-18
2805,2083-02-15
2806,2083-05-31
2807,2083-06-18
2808,2083-06-19
2809,2083-07-04
2810,2083-07-05
2811,2083-09-06
2812,2083-10-11
2813,2083-11-11
2814,2083-11-25
2815,2083-12-24
2816,2083-12-25
2817,2083-12-31
2818,2084-01-01
2819,2084-01-17
2820,2084-02-21
2821,2084-05-29
2822,2084-06-19
2823,2084-07-04
2824,2084-09-04
2825,2084-10-09
2826,2084-11-10
2827,2084-11-11
2828,2084-11-23
2829,2084-12-25
2830,2085-01-01
2831,2085-01-15
2832,2085-02-19
2833,2085-05-28
2834,2085-06-19
2835,2085-07-04
2836,2085-09-03
2837,2085-10-08
2838,2085-11-11
2839,2085-11-12
2840,2085-11-22
2841,2085-12-25
2842,2086-01-01
2843,2086-01-21
2844,2086-02-18
2845,2086-05-27
2846,2086-06-19
2847,2086-07-04
2848,2086-09-02
2849,2086-10-14
2850,2086-11-11
2851,2086-11-28
2852,2086-12-25
2853,2087-01-01
2854,2087-01-20
2855,2087-02-17
2856,2087-05-26
2857,2087-06-19
2858,2087-07-04
2859,2087-09-01
2860,2087-10-13
2861,2087-11-11
2862,2087-11-27
2863,2087-12-25
2864,2088-01-01
2865,2088-01-19
2866,2088-02-16
2867,2088-05-31
2868,2088-06-18
2869,2088-06-19
2870,2088-07-04
2871,2088-07-05
2872,2088-09-06
2873,2088-10-11
2874,2088-11-11
2875,2088-11-25
2876,2088-12-24
2877,2088-12-25
2878,2088-12-31
2879,2089-01-01
2880,2089-01-17
2881,2089-02-21
2882,2089-05-30
2883,2089-06-19
2884,2089-06-20
2885,2089-07-04
2886,2089-09-05
2887,2089-10-10
2888,2089-11-11
2889,2089-11-24
2890,2089-12-25
2891,2089-12-26
2892,2090-01-01
2893,2090-01-02
2894,2090-01-16
2895,2090-02-20
2896,2090-05-29
2897,2090-06-19
2898,2090-07-04
2899,2090-09-04
2900,2090-10-09
2901,2090-11-10
2902,2090-11-11
2903,2090-11-23
2904,2090-12-25
2905,2091-01-01
2906,2091-01-15
2907,2091-02-19
2908,2091-05-28
2909,2091-06-19
2910,2091-07-04
2911,2091-09-03
2912,2091-10-08
2913,2091-11-11
2914,2091-11-12
2915,2091-11-22
2916,2091-12-25
2917,2092-01-01
2918,2092-01-21
2919,2092-02-18
2920,2092-05-26
2921,2092-06-19
2922,2092-07-04
2923,2092-09-01
2924,2092-10-13
2925,2092-11-11
2926,2092-11-27
2927,2092-12-25
2928,2093-01-01
2929,2093-01-19
2930,2093-02-16
2931,2093-05-25
2932,2093-06-19
2933,2093-07-03
2934,2093-07-04
2935,2093-09-07
2936,2093-10-12
2937,2093-11-11
2938,2093-11-26
2939,2093-12-25
2940,2094-01-01
2941,2094-01-18
2942,2094-02-15
2943,2094-05-31
2944,2094-06-18
2945,2094-06-19
2946,2094-07-04
2947,2094-07-05
2948,2094-09-06
2949,2094-10-11
2950,2094-11-11
2951,2094-11-25
2952,2094-12-24
2953,2094-12-25
2954,2094-12-31
2955,2095-01-01
2956,2095-01-17
2957,2095-02-21
2958,2095-05-30
2959,2095-06-19
2960,2095-06-20
2961,2095-07-04
2962,2095-09-05
2963,2095-10-10
2964,2095-11-11
2965,2095-11-24
2966,2095-12-25
2967,2095-12-26
2968,2096-01-01
2969,2096-01-02
2970,2096-01-16
2971,2096-02-20
2972,2096-05-28
2973,2096-06-19
2974,2096-07-04
2975,2096-09-03
2976,2096-10-08
2977,2096-11-11
2978,2096-11-12
2979,2096-11-22
2980,2096-12-25
2981,2097-01-01
2982,2097-01-21
2983,2097-02-18
2984,2097-05-27
2985,2097-06-19
2986,2097-07-04
2987,2097-09-02
2988,2097-10-14
2989,2097-11-11
2990,2097-11-28
2991,2097-12-25
2992,2098-01-01
2993,2098-01-20
2994,2098-02-17
2995,2098-05-26
2996,2098-06-19
2997,2098-07-04
2998,2098-09-01
2999,2098-10-13
3000,2098-11-11
3001,2098-11-27
3002,2098-12-25
3003,2099-01-01
3004,2099-01-19
3005,2099-02-16
3006,2099-05-25
3007,2099-06-19
3008,2099-07-03
3009,2099-07-04
3010,2099-09-07
3011,2099-10-12
3012,2099-11-11
3013,2099-11-26
3014,2099-12-25
3015,2100-01-01
3016,2100-01-18
3017,2100-02-15
3018,2100-05-31
3019,2100-06-18
3020,2100-06-19
3021,2100-07-04
3022,2100-07-05
3023,2100-09-06
3024,2100-10-11
3025,2100-11-11
3026,2100-11-25
3027,2100-12-24
3028,2100-12-25
3029,2100-12-31
3030,2101-01-01
3031,2101-01-17
3032,2101-02-21
3033,2101-05-30
3034,2101-06-19
3035,2101-06-20
3036,2101-07-04
3037,2101-09-05
3038,2101-10-10
3039,2101-11-11
3040,2101-11-24
3041,2101-12-25
3042,2101-12-26
3043,2102-01-01
3044,2102-01-02
3045,2102-01-16
3046,2102-02-20
3047,2102-05-29
3048,2102-06-19
3049,2102-07-04
3050,2102-09-04
3051,2102-10-09
3052,2102-11-10
3053,2102-11-11
3054,2102-11-23
3055,2102-12-25
3056,2103-01-01
3057,2103-01-15
3058,2103-02-19
3059,2103-05-28
3060,2103-06-19
3061,2103-07-04
3062,2103-09-03
3063,2103-10-08
3064,2103-11-11
3065,2103-11-12
3066,2103-11-22
3067,2103-12-25
3068,2104-01-01
3069,2104-01-21
3070,2104-02-18
3071,2104-05-26
3072,2104-06-19
3073,2104-07-04
3074,2104-09-01
3075,2104-10-13
3076,2104-11-11
3077,2104-11-27
3078,2104-12-25
3079,2105-01-01
3080,2105-01-19
3081,2105-02-16
3082,2105-05-25
3083,2105-06-19
3084,2105-07-03
3085,2105-07-04
3086,2105-09-07
3087,2105-10-12
3088,2105-11-11
3089,2105-11-26
3090,2105-12-25
3091,2106-01-01
3092,2106-01-18
3093,2106-02-15
3094,2106-05-31
3095,2106-06-18
3096,2106-06-19
3097,2106-07-04
3098,2106-07-05
3099,2106-09-06
3100,2106-10-11
3101,2106-11-11
3102,2106-11-25
3103,2106-12-24
3104,2106-12-25
3105,2106-12-31
3106,2107-01-01
3107,2107-01-17
3108,2107-02-21
3109,2107-05-30
3110,2107-06-19
3111,2107-06-20
3112,2107-07-04
3113,2107-09-05
3114,2107-10-10
3115,2107-11-11
3116,2107-11-24
3117,2107-12-25
3118,2107-12-26
3119,2108-01-01
3120,2108-01-02
3121,2108-01-16
3122,2108-02-20
3123,2108-05-28
3124,2108-06-19
3125,2108-07-04
3126,2108-09-03
3127,2108-10-08
3128,2108-11-11
3129,2108-11-12
3130,2108-11-22
3131,2108-12-25
3132,2109-01-01
3133,2109-01-21
3134,2109-02-18
3135,2109-05-27
3136,2109-06-19
3137,2109-07-04
3138,2109-09-02
3139,2109-10-14
3140,2109-11-11
3141,2109-11-28
3142,2109-12-25
3143,2110-01-01
3144,2110-01-20
3145,2110-02-17
3146,2110-05-26
3147,2110-06-19
3148,2110-07-04
3149,2110-09-01
3150,2110-10-13
3151,2110-11-11
3152,2110-11-27
3153,2110-12-25
3154,2111-01-01
3155,2111-01-19
3156,2111-02-16
3157,2111-05-25
3158,2111-06-19
3159,2111-07-03
3160,2111-07-04
3161,2111-09-07
3162,2111-10-12
3163,2111-11-11
3164,2111-11-26
3165,2111-12-25
3166,2112-01-01
3167,2112-01-18
3168,2112-02-15
3169,2112-05-30
3170,2112-06-19
3171,2112-06-20
3172,2112-07-04
3173,2112-09-05
3174,2112-10-10
3175,2112-11-11
3176,2112-11-24
3177,2112-12-25
3178,2112-12-26
3179,2113-01-01
3180,2113-01-02
3181,2113-01-16
3182,2113-02-20
3183,2113-05-29
3184,2113-06-19
3185,2113-07-04
3186,2113-09-04
3187,2113-10-09
3188,2113-11-10
3189,2113-11-11
3190,2113-11-23
3191,2113-12-25
3192,2114-01-01
3193,2114-01-15
3194,2114-02-19
3195,2114-05-28
3196,2114-06-19
3197,2114-07-04
3198,2114-09-03
3199,2114-10-08
3200,2114-11-11
3201,2114-11-12
3202,2114-11-22
3203,2114-12-25
3204,2115-01-01
3205,2115-01-21
3206,2115-02-18
3207,2115-05-27
3208,2115-06-19
3209,2115-07-04
3210,2115-09-02
3211,2115-10-14
3212,2115-11-11
3213,2115-11-28
3214,2115-12-25
3215,2116-01-01
3216,2116-01-20
3217,2116-02-17
3218,2116-05-25
3219,2116-06-19
3220,2116-07-03
3221,2116-07-04
3222,2116-09-07
3223,2116-10-12
3224,2116-11-11
3225,2116-11-26
3226,2116-12-25
3227,2117-01-01
3228,2117-01-18
3229,2117-02-15
3230,2117-05-31
3231,2117-06-18
3232,2117-06-19
3233,2117-07-04
3234,2117-07-05
3235,2117-09-06
3236,2117-10-11
3237,2117-11-11
3238,2117-11-25
3239,2117-12-24
3240,2117-12-25
3241,2117-12-31
3242,2118-01-01
3243,2118-01-17
3244,2118-02-21
3245,2118-05-30
3246,2118-06-19
3247,2118-06-20
3248,2118-07-04
3249,2118-09-05
3250,2118-10-10
3251,2118-11-11
3252,2118-11-24
3253,2118-12-25
3254,2118-12-26
3255,2119-01-01
3256,2119-01-02
3257,2119-01-16
3258,2119-02-20
3259,2119-05-29
3260,2119-06-19
3261,2119-07-04
3262,2119-09-04
3263,2119-10-09
3264,2119-11-10
3265,2119-11-11
3266,2119-11-23
3267,2119-12-25
3268,2120-01-01
3269,2120-01-15
3270,2120-02-19
3271,2120-05-27
3272,2120-06-19
3273,2120-07-04
3274,2120-09-02
3275,2120-10-14
3276,2120-11-11
3277,2120-11-28
3278,2120-12-25
3279,2121-01-01
3280,2121-01-20
3281,2121-02-17
3282,2121-05-26
3283,2121-06-19
3284,2121-07-04
3285,2121-09-01
3286,2121-10-13
3287,2121-11-11
3288,2121-11-27
3289,2121-12-25
3290,2122-01-01
3291,2122-01-19
3292,2122-02-16
3293,2122-05-25
3294,2122-06-19
3295,2122-07-03
3296,2122-07-04
3297,2122-09-07
3298,2122-10-12
3299,2122-11-11
3300,2122-11-26
3301,2122-12-25
3302,2123-01-01
3303,2123-01-18
3304,2123-02-15
3305,2123-05-31
3306,2123-06-18
3307,2123-06-19
3308,2123-07-04
3309,2123-07-05
3310,2123-09-06
3311,2123-10-11
3312,2123-11-11
3313,2123-11-25
3314,2123-12-24
3315,2123-12-25
3316,2123-12-31
3317,2124-01-01
3318,2124-01-17
3319,2124-02-21
3320,2124-05-29
3321,2124-06-19
3322,2124-07-04
3323,2124-09-04
3324,2124-10-09
3325,2124-11-10
3326,2124-11-11
3327,2124-11-23
3328,2124-12-25
3329,2125-01-01
3330,2125-01-15
3331,2125-02-19
3332,2125-05-28
3333,2125-06-19
3334,2125-07-04
3335,2125-09-03
3336,2125-10-08
3337,2125-11-11
3338,2125-11-12
3339,2125-11-22
3340,2125-12-25
3341,2126-01-01
3342,2126-01-21
3343,2126-02-18
3344,2126-05-27
3345,2126-06-19
3346,2126-07-04
3347,2126-09-02
3348,2126-10-14
3349,2126-11-11
3350,2126-11-28
3351,2126-12-25
3352,2127-01-01
3353,2127-01-20
3354,2127-02-17
3355,2127-05-26
3356,2127-06-19
3357,2127-07-04
3358,2127-09-01
3359,2127-10-13
3360,2127-11-11
3361,2127-11-27
3362,2127-12-25
3363,2128-01-01
3364,2128-01-19
3365,2128-02-16
3366,2128-05-31
3367,2128-06-18
3368,2128-06-19
3369,2128-07-04
3370,2128-07-05
3371,2128-09-06
3372,2128-10-11
3373,2128-11-11
3374,2128-11-25
3375,2128-12-24
3376,2128-12-25
3377,2128-12-31
3378,2129-01-01
3379,2129-01-17
3380,2129-02-21
3381,2129-05-30
3382,2129-06-19
3383,2129-06-20
3384,2129-07-04
3385,2129-09-05
3386,2129-10-10
3387,2129-11-11
3388,2129-11-24
3389,2129-12-25
3390,2129-12-26
3391,2130-01-01
3392,2130-01-02
3393,2130-01-16
3394,2130-02-20
3395,2130-05-29
3396,2130-06-19
3397,2130-07-04
3398,2130-09-04
3399,2130-10-09
3400,2130-11-10
3401,2130-11-11
3402,2130-11-23
3403,2130-12-25
3404,2131-01-01
3405,2131-01-15
3406,2131-02-19
3407,2131-05-28
3408,2131-06-19
3409,2131-07-04
3410,2131-09-03
3411,2131-10-08
3412,2131-11-11
3413,2131-11-12
3414,2131-11-22
3415,2131-12-25
3416,2132-01-01
3417,2132-01-21
3418,2132-02-18
3419,2132-05-26
3420,2132-06-19
3421,2132-07-04
3422,2132-09-01
3423,2132-10-13
3424,2132-11-11
3425,2132-11-27
3426,2132-12-25
3427,2133-01-01
3428,2133-01-19
3429,2133-02-16
3430,2133-05-25
3431,2133-06-19
3432,2133-07-03
3433,2133-07-04
3434,2133-09-07
3435,2133-10-12
3436,2133-11-11
3437,2133-11-26
3438,2133-12-25
3439,2134-01-01
3440,2134-01-18
3441,2134-02-15
3442,2134-05-31
3443,2134-06-18
3444,2134-06-19
3445,2134-07-04
3446,2134-07-05
3447,2134-09-06
3448,2134-10-11
3449,2134-11-11
3450,2134-11-25
3451,2134-12-24
3452,2134-12-25
3453,2134-12-31
3454,2135-01-01
3455,2135-01-17
3456,2135-02-21
3457,2135-05-30
3458,2135-06-19
3459,2135-06-20
3460,2135-07-04
3461,2135-09-05
3462,2135-10-10
3463,2135-11-11
3464,2135-11-24
3465,2135-12-25
3466,2135-12-26
3467,2136-01-01
3468,2136-01-02
3469,2136-01-16
3470,2136-02-20
3471,2136-05-28
3472,2136-06-19
3473,2136-07-04
3474,2136-09-03
3475,2136-10-08
3476,2136-11-11
3477,2136-11-12
3478,2136-11-22
3479,2136-12-25
3480,2137-01-01
3481,2137-01-21
3482,2137-02-18
3483,2137-05-27
3484,2137-06-19
3485,2137-07-04
3486,2137-09-02
3487,2137-10-14
3488,2137-11-11
3489,2137-11-28
3490,2137-12-25
3491,2138-01-01
3492,2138-01-20
3493,2138-02-17
3494,2138-05-26
3495,2138-06-19
3496,2138-07-04
3497,2138-09-01
3498,2138-10-13
3499,2138-11-11
3500,2138-11-27
3501,2138-12-25
3502,2139-01-01
3503,2139-01-19
3504,2139-02-16
3505,2139-05-25
3506,2139-06-19
3507,2139-07-03
3508,2139-07-04
3509,2139-09-07
3510,2139-10-12
3511,2139-11-11
3512,2139-11-26
3513,2139-12-25
3514,2140-01-01
3515,2140-01-18
3516,2140-02-15
3517,2140-05-30
3518,2140-06-19
3519,2140-06-20
3520,2140-07-04
3521,2140-09-05
3522,2140-10-10
3523,2140-11-11
3524,2140-11-24
3525,2140-12-25
3526,2140-12-26
3527,2141-01-01
3528,2141-01-02
3529,2141-01-16
3530,2141-02-20
3531,2141-05-29
3532,2141-06-19
3533,2141-07-04
3534,2141-09-04
3535,2141-10-09
3536,2141-11-10
3537,2141-11-11
3538,2141-11-23
3539,2141-12-25
3540,2142-01-01
3541,2142-01-15
3542,2142-02-19
3543,2142-05-28
3544,2142-06-19
3545,2142-07-04
3546,2142-09-03
3547,2142-10-08
3548,2142-11-11
3549,2142-11-12
3550,2142-11-22
3551,2142-12-25
3552,2143-01-01
3553,2143-01-21
3554,2143-02-18
3555,2143-05-27
3556,2143-06-19
3557,2143-07-04
3558,2143-09-02
3559,2143-10-14
3560,2143-11-11
3561,2143-11-28
3562,2143-12-25
3563,2144-01-01
3564,2144-01-20
3565,2144-02-17
3566,2144-05-25
3567,2144-06-19
3568,2144-07-03
3569,2144-07-04
3570,2144-09-07
3571,2144-10-12
3572,2144-11-11
3573,2144-11-26
3574,2144-12-25
3575,2145-01-01
3576,2145-01-18
3577,2145-02-15
3578,2145-05-31
3579,2145-06-18
3580,2145-06-19
3581,2145-07-04
3582,2145-07-05
3583,2145-09-06
3584,2145-10-11
3585,2145-11-11
3586,2145-11-25
3587,2145-12-24
3588,2145-12-25
3589,2145-12-31
3590,2146-01-01
3591,2146-01-17
3592,2146-02-21
3593,2146-05-30
3594,2146-06-19
3595,2146-06-20
3596,2146-07-04
3597,2146-09-05
3598,2146-10-10
3599,2146-11-11
3600,2146-11-24
3601,2146-12-25
3602,2146-12-26
3603,2147-01-01
3604,2147-01-02
3605,2147-01-16
3606,2147-02-20
3607,2147-05-29
3608,2147-06-19
3609,2147-07-04
3610,2147-09-04
3611,2147-10-09
3612,2147-11-10
3613,2147-11-11
3614,2147-11-23
3615,2147-12-25
3616,2148-01-01
3617,2148-01-15
3618,2148-02-19
3619,2148-05-27
3620,2148-06-19
3621,2148-07-04
3622,2148-09-02
3623,2148-10-14
3624,2148-11-11
3625,2148-11-28
3626,2148-12-25
3627,2149-01-01
3628,2149-01-20
3629,2149-02-17
3630,2149-05-26
3631,2149-06-19
3632,2149-07-04
3633,2149-09-01
3634,2149-10-13
3635,2149-11-11
3636,2149-11-27
3637,2149-12-25
3638,2150-01-01
3639,2150-01-19
3640,2150-02-16
3641,2150-05-25
3642,2150-06-19
3643,2150-07-03
3644,2150-07-04
3645,2150-09-07
3646,2150-10-12
3647,2150-11-11
3648,2150-11-26
3649,2150-12-25
3650,2151-01-01
3651,2151-01-18
3652,2151-02-15
3653,2151-05-31
3654,2151-06-18
3655,2151-06-19
3656,2151-07-04
3657,2151-07-05
3658,2151-09-06
3659,2151-10-11
3660,2151-11-11
3661,2151-11-25
3662,2151-12-24
3663,2151-12-25
3664,2151-12-31
3665,2152-01-01
3666,2152-01-17
3667,2152-02-21
3668,2152-05-29
3669,2152-06-19
3670,2152-07-04
3671,2152-09-04
3672,2152-10-09
3673,2152-11-10
3674,2152-11-11
3675,2152-11-23
3676,2152-12-25
3677,2153-01-01
3678,2153-01-15
3679,2153-02-19
3680,2153-05-28
3681,2153-06-19
3682,2153-07-04
3683,2153-09-03
3684,2153-10-08
3685,2153-11-11
3686,2153-11-12
3687,2153-11-22
3688,2153-12-25
3689,2154-01-01
3690,2154-01-21
3691,2154-02-18
3692,2154-05-27
3693,2154-06-19
3694,2154-07-04
3695,2154-09-02
3696,2154-10-14
3697,2154-11-11
3698,2154-11-28
3699,2154-12-25
3700,2155-01-01
3701,2155-01-20
3702,2155-02-17
3703,2155-05-26
3704,2155-06-19
3705,2155-07-04
3706,2155-09-01
3707,2155-10-13
3708,2155-11-11
3709,2155-11-27
3710,2155-12-25
3711,2156-01-01
3712,2156-01-19
3713,2156-02-16
3714,2156-05-31
3715,2156-06-18
3716,2156-06-19
3717,2156-07-04
3718,2156-07-05
3719,2156-09-06
3720,2156-10-11
3721,2156-11-11
3722,2156-11-25
3723,2156-12-24
3724,2156-12-25
3725,2156-12-31
3726,2157-01-01
3727,2157-01-17
3728,2157-02-21
3729,2157-05-30
3730,2157-06-19
3731,2157-06-20
3732,2157-07-04
3733,2157-09-05
3734,2157-10-10
3735,2157-11-11
3736,2157-11-24
3737,2157-12-25
3738,2157-12-26
3739,2158-01-01
3740,2158-01-02
3741,2158-01-16
3742,2158-02-20
3743,2158-05-29
3744,2158-06-19
3745,2158-07-04
3746,2158-09-04
3747,2158-10-09
3748,2158-11-10
3749,2158-11-11
3750,2158-11-23
3751,2158-12-25
3752,2159-01-01
3753,2159-01-15
3754,2159-02-19
3755,2159-05-28
3756,2159-06-19
3757,2159-07-04
3758,2159-09-03
3759,2159-10-08
3760,2159-11-11
3761,2159-11-12
3762,2159-11-22
3763,2159-12-25
3764,2160-01-01
3765,2160-01-21
3766,2160-02-18
3767,2160-05-26
3768,2160-06-19
3769,2160-07-04
3770,2160-09-01
3771,2160-10-13
3772,2160-11-11
3773,2160-11-27
3774,2160-12-25
3775,2161-01-01
3776,2161-01-19
3777,2161-02-16
3778,2161-05-25
3779,2161-06-19
3780,2161-07-03
3781,2161-07-04
3782,2161-09-07
3783,2161-10-12
3784,2161-11-11
3785,2161-11-26
3786,2161-12-25
3787,2162-01-01
3788,2162-01-18
3789,2162-02-15
3790,2162-05-31
3791,2162-06-18
3792,2162-06-19
3793,2162-07-04
3794,2162-07-05
3795,2162-09-06
3796,2162-10-11
3797,2162-11-11
3798,2162-11-25
3799,2162-12-24
3800,2162-12-25
3801,2162-12-31
3802,2163-01-01
3803,2163-01-17
3804,2163-02-21
3805,2163-05-30
3806,2163-06-19
3807,2163-06-20
3808,2163-07-04
3809,2163-09-05
3810,2163-10-10
3811,2163-11-11
3812,2163-11-24
3813,2163-12-25
3814,2163-12-26
3815,2164-01-01
3816,2164-01-02
3817,2164-01-16
3818,2164-02-20
3819,2164-05-28
3820,2164-06-19
3821,2164-07-04
3822,2164-09-03
3823,2164-10-08
3824,2164-11-11
3825,2164-11-12
3826,2164-11-22
3827,2164-12-25
3828,2165-01-01
3829,2165-01-21
3830,2165-02-18
3831,2165-05-27
3832,2165-06-19
3833,2165-07-04
3834,2165-09-02
3835,2165-10-14
3836,2165-11-11
3837,2165-11-28
3838,2165-12-25
3839,2166-01-01
3840,2166-01-20
3841,2166-02-17
3842,2166-05-26
3843,2166-06-19
3844,2166-07-04
3845,2166-09-01
3846,2166-10-13
3847,2166-11-11
3848,2166-11-27
3849,2166-12-25
3850,2167-01-01
3851,2167-01-19
3852,2167-02-16
3853,2167-05-25
3854,2167-06-19
3855,2167-07-03
3856,2167-07-04
3857,2167-09-07
3858,2167-10-12
3859,2167-11-11
3860,2167-11-26
3861,2167-12-25
3862,2168-01-01
3863,2168-01-18
3864,2168-02-15
3865,2168-05-30
3866,2168-06-19
3867,2168-06-20
3868,2168-07-04
3869,2168-09-05
3870,2168-10-10
3871,2168-11-11
3872,2168-11-24
3873,2168-12-25
3874,2168-12-26
3875,2169-01-01
3876,2169-01-02
3877,2169-01-16
3878,2169-02-20
3879,2169-05-29
3880,2169-06-19
3881,2169-07-04
3882,2169-09-04
3883,2169-10-09
3884,2169-11-10
3885,2169-11-11
3886,2169-11-23
3887,2169-12-25
3888,2170-01-01
3889,2170-01-15
3890,2170-02-19
3891,2170-05-28
3892,2170-06-19
3893,2170-07-04
3894,2170-09-03
3895,2170-10-08
3896,2170-11-11
3897,2170-11-12
3898,2170-11-22
3899,2170-12-25
3900,2171-01-01
3901,2171-01-21
3902,2171-02-18
3903,2171-05-27
3904,2171-06-19
3905,2171-07-04
3906,2171-09-02
3907,2171-10-14
3908,2171-11-11
3909,2171-11-28
3910,2171-12-25
3911,2172-01-01
3912,2172-01-20
3913,2172-02-17
3914,2172-05-25
3915,2172-06-19
3916,2172-07-03
3917,2172-07-04
3918,2172-09-07
3919,2172-10-12
3920,2172-11-11
3921,2172-11-26
3922,2172-12-25
3923,2173-01-01
3924,2173-01-18
3925,2173-02-15
3926,2173-05-31
3927,2173-06-18
3928,2173-06-19
3929,2173-07-04
3930,2173-07-05
3931,2173-09-06
3932,2173-10-11
3933,2173-11-11
3934,2173-11-25
3935,2173-12-24
3936,2173-12-25
3937,2173-12-31
3938,2174-01-01
3939,2174-01-17
3940,2174-02-21
3941,2174-05-30
3942,2174-06-19
3943,2174-06-20
3944,2174-07-04
3945,2174-09-05
3946,2174-10-10
3947,2174-11-11
3948,2174-11-24
3949,2174-12-25
3950,2174-12-26
3951,2175-01-01
3952,2175-01-02
3953,2175-01-16
3954,2175-02-20
3955,2175-05-29
3956,2175-06-19
3957,2175-07-04
3958,2175-09-04
3959,2175-10-09
3960,2175-11-10
3961,2175-11-11
3962,2175-11-23
3963,2175-12-25
3964,2176-01-01
3965,2176-01-15
3966,2176-02-19
3967,2176-05-27
3968,2176-06-19
3969,2176-07-04
3970,2176-09-02
3971,2176-10-14
3972,2176-11-11
3973,2176-11-28
3974,2176-12-25
3975,2177-01-01
3976,2177-01-20
3977,2177-02-17
3978,2177-05-26
3979,2177-06-19
3980,2177-07-04
3981,2177-09-01
3982,2177-10-13
3983,2177-11-11
3984,2177-11-27
3985,2177-12-25
3986,2178-01-01
3987,2178-01-19
3988,2178-02-16
3989,2178-05-25
3990,2178-06-19
3991,2178-07-03
3992,2178-07-04
3993,2178-09-07
3994,2178-10-12
3995,2178-11-11
3996,2178-11-26
3997,2178-12-25
3998,2179-01-01
3999,2179-01-18
4000,2179-02-15
4001,2179-05-31
4002,2179-06-18
4003,2179-06-19
4004,2179-07-04
4005,2179-07-05
4006,2179-09-06
4007,2179-10-11
4008,2179-11-11
4009,2179-11-25
4010,2179-12-24
4011,2179-12-25
4012,2179-12-31
4013,2180-01-01
4014,2180-01-17
4015,2180-02-21
4016,2180-05-29
4017,2180-06-19
4018,2180-07-04
4019,2180-09-04
4020,2180-10-09
4021,2180-11-10
4022,2180-11-11
4023,2180-11-23
4024,2180-12-25
4025,2181-01-01
4026,2181-01-15
4027,2181-02-19
4028,2181-05-28
4029,2181-06-19
4030,2181-07-04
4031,2181-09-03
4032,2181-10-08
4033,2181-11-11
4034,2181-11-12
4035,2181-11-22
4036,2181-12-25
4037,2182-01-01
4038,2182-01-21
4039,2182-02-18
4040,2182-05-27
4041,2182-06-19
4042,2182-07-04
4043,2182-09-02
4044,2182-10-14
4045,2182-11-11
4046,2182-11-28
4047,2182-12-25
4048,2183-01-01
4049,2183-01-20
4050,2183-02-17
4051,2183-05-26
4052,2183-06-19
4053,2183-07-04
4054,2183-09-01
4055,2183-10-13
4056,2183-11-11
4057,2183-11-27
4058,2183-12-25
4059,2184-01-01
4060,2184-01-19
4061,2184-02-16
4062,2184-05-31
4063,2184-06-18
4064,2184-06-19
4065,2184-07-04
4066,2184-07-05
4067,2184-09-06
4068,2184-10-11
4069,2184-11-11
4070,2184-11-25
4071,2184-12-24
4072,2184-12-25
4073,2184-12-31
4074,2185-01-01
4075,2185-01-17
4076,2185-02-21
4077,2185-05-30
4078,2185-06-19
4079,2185-06-20
4080,2185-07-04
4081,2185-09-05
4082,2185-10-10
4083,2185-11-11
4084,2185-11-24
4085,2185-12-25
4086,2185-12-26
4087,2186-01-01
4088,2186-01-02
4089,2186-01-16
4090,2186-02-20
4091,2186-05-29
4092,2186-06-19
4093,2186-07-04
4094,2186-09-04
4095,2186-10-09
4096,2186-11-10
4097,2186-11-11
4098,2186-11-23
4099,2186-12-25
4100,2187-01-01
4101,2187-01-15
4102,2187-02-19
4103,2187-05-28
4104,2187-06-19
4105,2187-07-04
4106,2187-09-03
4107,2187-10-08
4108,2187-11-11
4109,2187-11-12
4110,2187-11-22
4111,2187-12-25
4112,2188-01-01
4113,2188-01-21
4114,2188-02-18
4115,2188-05-26
4116,2188-06-19
4117,2188-07-04
4118,2188-09-01
4119,2188-10-13
4120,2188-11-11
4121,2188-11-27
4122,2188-12-25
4123,2189-01-01
4124,2189-01-19
4125,2189-02-16
4126,2189-05-25
4127,2189-06-19
4128,2189-07-03
4129,2189-07-04
4130,2189-09-07
4131,2189-10-12
4132,2189-11-11
4133,2189-11-26
4134,2189-12-25
4135,2190-01-01
4136,2190-01-18
4137,2190-02-15
4138,2190-05-31
4139,2190-06-18
4140,2190-06-19
4141,2190-07-04
4142,2190-07-05
4143,2190-09-06
4144,2190-10-11
4145,2190-11-11
4146,2190-11-25
4147,2190-12-24
4148,2190-12-25
4149,2190-12-31
4150,2191-01-01
4151,2191-01-17
4152,2191-02-21
4153,2191-05-30
4154,2191-06-19
4155,2191-06-20
4156,2191-07-04
4157,2191-09-05
4158,2191-10-10
4159,2191-11-11
4160,2191-11-24
4161,2191-12-25
4162,2191-12-26
4163,2192-01-01
4164,2192-01-02
4165,2192-01-16
4166,2192-02-20
4167,2192-05-28
4168,2192-06-19
4169,2192-07-04
4170,2192-09-03
4171,2192-10-08
4172,2192-11-11
4173,2192-11-12
4174,2192-11-22
4175,2192-12-25
4176,2193-01-01
4177,2193-01-21
4178,2193-02-18
4179,2193-05-27
4180,2193-06-19
4181,2193-07-04
4182,2193-09-02
4183,2193-10-14
4184,2193-11-11
4185,2193-11-28
4186,2193-12-25
4187,2194-01-01
4188,2194-01-20
4189,2194-02-17
4190,2194-05-26
4191,2194-06-19
4192,2194-07-04
4193,2194-09-01
4194,2194-10-13
4195,2194-11-11
4196,2194-11-27
4197,2194-12-25
4198,2195-01-01
4199,2195-01-19
4200,2195-02-16
4201,2195-05-25
4202,2195-06-19
4203,2195-07-03
4204,2195-07-04
4205,2195-09-07
4206,2195-10-12
4207,2195-11-11
4208,2195-11-26
4209,2195-12-25
4210,2196-01-01
4211,2196-01-18
4212,2196-02-15
4213,2196-05-30
4214,2196-06-19
4215,2196-06-20
4216,2196-07-04
4217,2196-09-05
4218,2196-10-10
4219,2196-11-11
4220,2196-11-24
4221,2196-12-25
4222,2196-12-26
4223,2197-01-01
4224,2197-01-02
4225,2197-01-16
4226,2197-02-20
4227,2197-05-29
4228,2197-06-19
4229,2197-07-04
4230,2197-09-04
4231,2197-10-09
4232,2197-11-10
4233,2197-11-11
4234,2197-11-23
4235,2197-12-25
4236,2198-01-01
4237,2198-01-15
4238,2198-02-19
4239,2198-05-28
4240,2198-06-19
4241,2198-07-04
4242,2198-09-03
4243,2198-10-08
4244,2198-11-11
4245,2198-11-12
4246,2198-11-22
4247,2198-12-25
4248,2199-01-01
4249,2199-01-21
4250,2199-02-18
4251,2199-05-27
4252,2199-06-19
4253,2199-07-04
4254,2199-09-02
4255,2199-10-14
4256,2199-11-11
4257,2199-11-28
4258,2199-12-25
4259,2200-01-01
4260,2200-01-20
4261,2200-02-17
4262,2200-05-26
4263,2200-06-19
4264,2200-07-04
4265,2200-09-01
4266,2200-10-13
4267,2200-11-11
4268,2200-11-27
4269,2200-12-25
4270,2201-01-01
4271,2201-01-19
4272,2201-02-16
4273,2201-05-25
4274,2201-06-19
4275,2201-07-03
4276,2201-07-04
4277,2201-09-07
4278,2201-10-12
4279,2201-11-11
4280,2201-11-26
4281,2201-12-25
4282,2202-01-01
4283,2202-01-18
4284,2202-02-15
4285,2202-05-31
4286,2202-06-18
4287,2202-06-19
4288,2202-07-04
4289,2202-07-05
4290,2202-09-06
4291,2202-10-11
4292,2202-11-11
4293,2202-11-25
4294,2202-12-24
4295,2202-12-25
4296,2202-12-31
4297,2203-01-01
4298,2203-01-17
4299,2203-02-21
4300,2203-05-30
4301,2203-06-19
4302,2203-06-20
4303,2203-07-04
4304,2203-09-05
4305,2203-10-10
4306,2203-11-11
4307,2203-11-24
4308,2203-12-25
4309,2203-12-26
4310,2204-01-01
4311,2204-01-02
4312,2204-01-16
4313,2204-02-20
4314,2204-05-28
4315,2204-06-19
4316,2204-07-04
4317,2204-09-03
4318,2204-10-08
4319,2204-11-11
4320,2204-11-12
4321,2204-11-22
4322,2204-12-25
4323,2205-01-01
4324,2205-01-21
4325,2205-02-18
4326,2205-05-27
4327,2205-06-19
4328,2205-07-04
4329,2205-09-02
4330,2205-10-14
4331,2205-11-11
4332,2205-11-28
4333,2205-12-25
4334,2206-01-01
4335,2206-01-20
4336,2206-02-17
4337,2206-05-26
4338,2206-06-19
4339,2206-07-04
4340,2206-09-01
4341,2206-10-13
4342,2206-11-11
4343,2206-11-27
4344,2206-12-25
4345,2207-01-01
4346,2207-01-19
4347,2207-02-16
4348,2207-05-25
4349,2207-06-19
4350,2207-07-03
4351,2207-07-04
4352,2207-09-07
4353,2207-10-12
4354,2207-11-11
4355,2207-11-26
4356,2207-12-25
4357,2208-01-01
4358,2208-01-18
4359,2208-02-15
4360,2208-05-30
4361,2208-06-19
4362,2208-06-20
4363,2208-07-04
4364,2208-09-05
4365,2208-10-10
4366,2208-11-11
4367,2208-11-24
4368,2208-12-25
4369,2208-12-26
4370,2209-01-01
4371,2209-01-02
4372,2209-01-16
4373,2209-02-20
4374,2209-05-29
4375,2209-06-19
4376,2209-07-04
4377,2209-09-04
4378,2209-10-09
4379,2209-11-10
4380,2209-11-11
4381,2209-11-23
4382,2209-12-25
4383,2210-01-01
4384,2210-01-15
4385,2210-02-19
4386,2210-05-28
4387,2210-06-19
4388,2210-07-04
4389,2210-09-03
4390,2210-10-08
4391,2210-11-11
4392,2210-11-12
4393,2210-11-22
4394,2210-12-25
4395,2211-01-01
4396,2211-01-21
4397,2211-02-18
4398,2211-05-27
4399,2211-06-19
4400,2211-07-04
4401,2211-09-02
4402,2211-10-14
4403,2211-11-11
4404,2211-11-28
4405,2211-12-25
4406,2212-01-01
4407,2212-01-20
4408,2212-02-17
4409,2212-05-25
4410,2212-06-19
4411,2212-07-03
4412,2212-07-04
4413,2212-09-07
4414,2212-10-12
4415,2212-11-11
4416,2212-11-26
4417,2212-12-25
4418,2213-01-01
4419,2213-01-18
4420,2213-02-15
4421,2213-05-31
4422,2213-06-18
4423,2213-06-19
4424,2213-07-04
4425,2213-07-05
4426,2213-09-06
4427,2213-10-11
4428,2213-11-11
4429,2213-11-25
4430,2213-12-24
4431,2213-12-25
4432,2213-12-31
4433,2214-01-01
4434,2214-01-17
4435,2214-02-21
4436,2214-05-30
4437,2214-06-19
4438,2214-06-20
4439,2214-07-04
4440,2214-09-05
4441,2214-10-10
4442,2214-11-11
4443,2214-11-24
4444,2214-12-25
4445,2214-12-26
4446,2215-01-01
4447,2215-01-02
4448,2215-01-16
4449,2215-02-20
4450,2215-05-29
4451,2215-06-19
4452,2215-07-04
4453,2215-09-04
4454,2215-10-09
4455,2215-11-10
4456,2215-11-11
4457,2215-11-23
4458,2215-12-25
4459,2216-01-01
4460,2216-01-15
4461,2216-02-19
4462,2216-05-27
4463,2216-06-19
4464,2216-07-04
4465,2216-09-02
4466,2216-10-14
4467,2216-11-11
4468,2216-11-28
4469,2216-12-25
4470,2217-01-01
4471,2217-01-20
4472,2217-02-17
4473,2217-05-26
4474,2217-06-19
4475,2217-07-04
4476,2217-09-01
4477,2217-10-13
4478,2217-11-11
4479,2217-11-27
4480,2217-12-25
4481,2218-01-01
4482,2218-01-19
4483,2218-02-16
4484,2218-05-25
4485,2218-06-19
4486,2218-07-03
4487,2218-07-04
4488,2218-09-07
4489,2218-10-12
4490,2218-11-11
4491,2218-11-26
4492,2218-12-25
4493,2219-01-01
4494,2219-01-18
4495,2219-02-15
4496,2219-05-31
4497,2219-06-18
4498,2219-06-19
4499,2219-07-04
4500,2219-07-05
4501,2219-09-06
4502,2219-10-11
4503,2219-11-11
4504,2219-11-25
4505,2219-12-24
4506,2219-12-25
4507,2219-12-31
4508,2220-01-01
4509,2220-01-17
4510,2220-02-21
4511,2220-05-29
4512,2220-06-19
4513,2220-07-04
4514,2220-09-04
4515,2220-10-09
4516,2220-11-10
4517,2220-11-11
4518,2220-11-23
4519,2220-12-25
4520,2221-01-01
4521,2221-01-15
4522,2221-02-19
4523,2221-05-28
4524,2221-06-19
4525,2221-07-04
4526,2221-09-03
4527,2221-10-08
4528,2221-11-11
4529,2221-11-12
4530,2221-11-22
4531,2221-12-25
4532,2222-01-01
4533,2222-01-21
4534,2222-02-18
4535,2222-05-27
4536,2222-06-19
4537,2222-07-04
4538,2222-09-02
4539,2222-10-14
4540,2222-11-11
4541,2222-11-28
4542,2222-12-25
4543,2223-01-01
4544,2223-01-20
4545,2223-02-17
4546,2223-05-26
4547,2223-06-19
4548,2223-07-04
4549,2223-09-01
4550,2223-10-13
4551,2223-11-11
4552,2223-11-27
4553,2223-12-25
